id,name,email,diagnosis
1,Wanda Rice,wrice0@ezinearticles.com,"Occ of anml-drn vehicle inj in clsn w statnry object, subs"
2,Nicholas Tucker,ntucker1@npr.org,"Partial traumatic amp at level betw right hip and knee, subs"
3,Michelle Tucker,mtucker2@about.me,"Strain of musc/fasc/tend at wrs/hnd lv, right hand, subs"
4,Gregory Perkins,gperkins3@fc2.com,"Unsp opn wnd abd wall, left lower q w penet perit cav, subs"
5,Nicholas Patterson,npatterson4@hao123.com,Other symbolic dysfunctions
6,Robert Nichols,rnichols5@bluehost.com,"Displaced segmental fx shaft of ulna, right arm, sequela"
7,Louise Burton,lburton6@prlog.org,"Chronic gout due to renal impairment, right hip, with tophus"
8,Clarence Brooks,cbrooks7@cbslocal.com,"Puncture wound with foreign body, left foot"
9,William Stanley,wstanley8@arstechnica.com,"Path fx in neopltc dis, l femur, subs for fx w routn heal"
10,Kelly Berry,kberry9@columbia.edu,"Other specified joint disorders, shoulder"
11,Sean Banks,sbanksa@ning.com,"Bucket-hndl tear of lat mensc, current injury, r knee, subs"
12,Patricia Ramirez,pramirezb@rambler.ru,Toxic effect of other tobacco and nicotine
13,Frank Robinson,frobinsonc@foxnews.com,"Perf due to fb acc left in body fol kidney dialysis, subs"
14,Nancy Simmons,nsimmonsd@ovh.net,Fx humerus following insrt ortho implnt/prosth/bone plt
15,Gregory Warren,gwarrene@about.me,"Nondisp fx of ant column of l acetab, 7thG"
16,Arthur Johnson,ajohnsonf@live.com,"Adverse effect of other topical agents, subsequent encounter"
17,Beverly Banks,bbanksg@usgs.gov,"Nondisp fx of posterior process of right talus, init"
18,Susan Crawford,scrawfordh@biglobe.ne.jp,"Disp fx of neck of oth metacarpal bone, init for clos fx"
19,Johnny Reid,jreidi@1und1.de,"Ulnohumeral (joint) sprain of unspecified elbow, init encntr"
20,Robert Morales,rmoralesj@techcrunch.com,Dislocation of L4/L5 lumbar vertebra
21,Albert Anderson,aandersonk@chron.com,Other superficial injuries of upper arm
22,Edward Washington,ewashingtonl@ibm.com,"Other ossification of muscle, unspecified thigh"
23,Paul Mendoza,pmendozam@un.org,"Vitreous prolapse, left eye"
24,Chris Burke,cburken@github.com,"Oth specific arthropathies, NEC, multiple sites"
25,Jennifer Hansen,jhanseno@cocolog-nifty.com,"Drown due to fall/jump fr oth crushed unpowr wtrcrft, init"
26,Heather Martinez,hmartinezp@vk.com,"Burn of cornea and conjunctival sac, unsp eye, init encntr"
27,Phyllis Hansen,phansenq@google.ru,"Complete traumatic amputation at left shoulder joint, init"
28,Ruby Walker,rwalkerr@delicious.com,"Labor and delivery complicated by vasa previa, fetus 5"
29,Katherine Anderson,kandersons@free.fr,"Displ commnt fx shaft of ulna, r arm, 7thE"
30,Todd Hill,thillt@edublogs.org,"Other specified injuries of left thigh, subsequent encounter"
31,Karen Long,klongu@aol.com,"Unstable burst fx fourth thor vertebra, init for opn fx"
32,Mary Jordan,mjordanv@surveymonkey.com,Noise effects on left inner ear
33,Sandra Mccoy,smccoyw@dyndns.org,Burn of unspecified degree of palm
34,Gloria Lawson,glawsonx@biblegateway.com,"Nondisp fx of greater tuberosity of left humerus, sequela"
35,Nicole Mendoza,nmendozay@myspace.com,"Insect bite (nonvenomous), left great toe, initial encounter"
36,Joyce Adams,jadamsz@nydailynews.com,"Subluxation of carpometacarpal joint of left thumb, sequela"
37,Thomas Tucker,ttucker10@quantcast.com,"Maternal care for other malpresentation of fetus, fetus 2"
38,Alan Gilbert,agilbert11@craigslist.org,Nontraumatic subdural hemorrhage
39,Alan Larson,alarson12@unesco.org,"Unsp injury of intercostl blood vessels, right side, sequela"
40,Evelyn Jackson,ejackson13@usgs.gov,"Person injured in unsp motor-vehicle accident, traffic"
41,Johnny Chavez,jchavez14@trellian.com,"Displ commnt fx shaft of r fibula, 7thJ"
42,Brian Meyer,bmeyer15@yahoo.com,Displaced fracture of body of unspecified talus
43,Roger Burton,rburton16@phoca.cz,Pain in unspecified thigh
44,Jeffrey Russell,jrussell17@nyu.edu,"Occup of military vehicle injured in traffic accident, subs"
45,Anna Dean,adean18@taobao.com,"Laceration of adrenal gland, subsequent encounter"
46,Rebecca Stanley,rstanley19@ocn.ne.jp,"Pnctr w/o fb of abd wall, r low q w penet perit cav, sqla"
47,Susan Baker,sbaker1a@weebly.com,"Nondisp fx of med malleolus of l tibia, 7thM"
48,Billy Ramos,bramos1b@gravatar.com,"Fx superior rim of unsp pubis, subs for fx w routn heal"
49,Martha Collins,mcollins1c@creativecommons.org,"Accidental twist by another person, initial encounter"
50,John Webb,jwebb1d@google.es,"Oth fx shaft of r femur, subs for opn fx type I/2 w nonunion"
51,Carolyn Walker,cwalker1e@go.com,Malig neoplm of upper-outer quadrant of right female breast
52,Brian Bell,bbell1f@hhs.gov,Chronic idiopathic constipation
53,Angela Johnston,ajohnston1g@sourceforge.net,"Osteochondritis dissecans, left hip"
54,Elizabeth Kelly,ekelly1h@addthis.com,"Unsp fracture of sternum, subs for fx w routn heal"
55,Lori Richards,lrichards1i@scribd.com,"Unstbl burst fx fourth thor vert, subs for fx w routn heal"
56,Sean Hicks,shicks1j@de.vu,"Burn of 3rd deg mu sites of right wrist and hand, subs"
57,Judith Carroll,jcarroll1k@creativecommons.org,"Injury of unsp nerve at shldr/up arm, unsp arm"
58,Amanda Schmidt,aschmidt1l@nymag.com,"Contusion of eyeball and orbital tissues, unsp eye, subs"
59,Albert Burton,aburton1m@hud.gov,Sltr-haris Type I physeal fx lower end of right tibia
60,Mary Black,mblack1n@php.net,"Nondisp fx of distal phalanx of right ring finger, sequela"
61,Janice Nichols,jnichols1o@yandex.ru,Contus/lac left cerebrum w LOC >24 hr w/o ret consc w surv
62,Kathy Garza,kgarza1p@1688.com,"Contus/lac cereb, w LOC w death d/t brain inj bf consc, init"
63,Kenneth Martinez,kmartinez1q@mayoclinic.com,"Complete lesion of L1 level of lumbar spinal cord, init"
64,Sharon Ferguson,sferguson1r@technorati.com,"Fall (on)(from) sidewalk curb, subsequent encounter"
65,Donald Wallace,dwallace1s@harvard.edu,"Maternal care for oth rhesus isoimmun, third tri, fetus 1"
66,David Gutierrez,dgutierrez1t@about.com,"Other osteomyelitis, thigh"
67,Alice Hernandez,ahernandez1u@quantcast.com,"Oth fracture of right pubis, subs for fx w nonunion"
68,Sarah Perkins,sperkins1v@weebly.com,"Burn of third degree of trunk, unspecified site, subs encntr"
69,Billy Walker,bwalker1w@loc.gov,"Path fx in oth dis, unsp ulna & rad, 7thG"
70,Brandon Anderson,banderson1x@baidu.com,"Puncture wound with foreign body, unsp hip, subs encntr"
71,Fred Montgomery,fmontgomery1y@yolasite.com,"Diab with prolif diab rtnop without macular edema, left eye"
72,Lawrence Rice,lrice1z@biblegateway.com,"Unsp trochan fx r femur, subs for opn fx type I/2 w malunion"
73,Irene Carroll,icarroll20@plala.or.jp,"Laceration of ovary, unspecified"
74,Walter Gordon,wgordon21@bing.com,"Toxic effect of oth inorganic substances, assault, subs"
75,Tina Bishop,tbishop22@issuu.com,Burn of third degree of left lower leg
76,Heather Allen,hallen23@icio.us,"Other specified disorders of Eustachian tube, bilateral"
77,Donald Matthews,dmatthews24@twitpic.com,Loose body in knee
78,Russell Reed,rreed25@independent.co.uk,"Unspecified dislocation of right little finger, sequela"
79,Ronald Carroll,rcarroll26@epa.gov,"Poisoning by tricyclic antidepressants, assault, subs encntr"
80,Justin Flores,jflores27@ibm.com,Superficial foreign body of fingers
81,Susan Garcia,sgarcia28@nyu.edu,"Atherosclerosis of CABG, unsp, w unsp angina pectoris"
82,Steven Miller,smiller29@earthlink.net,"Retained (old) magnetic fb in iris or ciliary body, left eye"
83,Jeffrey Warren,jwarren2a@desdev.cn,Other physeal fracture of unspecified metatarsal
84,Brandon Murphy,bmurphy2b@zdnet.com,"Other specified disorders of synovium, left shoulder"
85,Frank Garza,fgarza2c@pagesperso-orange.fr,"Poisoning by 4-Aminophenol derivatives, undetermined"
86,Phyllis Ryan,pryan2d@redcross.org,"Nondisp fx of med condyle of unsp femr, 7thH"
87,Earl Phillips,ephillips2e@google.nl,"Anterior subluxation of right ulnohumeral joint, subs encntr"
88,Henry Lawrence,hlawrence2f@smh.com.au,"Maternal care for anti-D antibodies, unsp trimester, oth"
89,John Taylor,jtaylor2g@newyorker.com,Severe atrophy of the mandible
90,Charles Smith,csmith2h@reference.com,"Blepharophimosis left eye, unspecified eyelid"
91,Ruth Frazier,rfrazier2i@godaddy.com,Congenital mitral insufficiency
92,Ruth Mccoy,rmccoy2j@ezinearticles.com,"Activity, rugby"
93,Paul Moreno,pmoreno2k@paginegialle.it,Digestants
94,Timothy Hayes,thayes2l@google.ru,"Adverse effect of skeletal muscle relaxants, sequela"
95,Steven Hawkins,shawkins2m@washingtonpost.com,Type 1 diab w moderate nonprlf diab rtnop w macular edema
96,Samuel Cole,scole2n@tumblr.com,"Toxic effect of halogen deriv of aromatic hydrocrb, undet"
97,Lisa Walker,lwalker2o@comsenz.com,Osseous and subluxation stenosis of intervertebral foramina
98,Eugene Nichols,enichols2p@jugem.jp,Other infection carrier state complicating the puerperium
99,Melissa Scott,mscott2q@last.fm,"Sltr-haris Type II physl fx low end ulna, unsp arm, 7thD"
100,Laura Fernandez,lfernandez2r@arstechnica.com,Unspecified injury of blood vessel of thumb
101,Susan Ferguson,sferguson2s@networksolutions.com,Unspecified fracture of third cervical vertebra
102,Laura Gilbert,lgilbert2t@shinystat.com,Newborn affected by other maternal conditions
103,Charles Wells,cwells2u@netvibes.com,"Subluxation of metacarpal (bone), proximal end of right hand"
104,Andrea Adams,aadams2v@aboutads.info,"Strain of unsp msl/tnd at ank/ft level, right foot, init"
105,Teresa Henderson,thenderson2w@businessinsider.com,"Drug-induced cataract, right eye"
106,Carlos Hall,chall2x@digg.com,"Oth fx unsp patella, subs for opn fx type I/2 w routn heal"
107,Martin Phillips,mphillips2y@networkadvertising.org,"Other specified dorsopathies, occipito-atlanto-axial region"
108,Paula Jordan,pjordan2z@zdnet.com,"Fracture of other part of scapula, left shoulder, sequela"
109,Amanda Diaz,adiaz30@nifty.com,STEMI involving left main coronary artery
110,Diana Parker,dparker31@edublogs.org,"Sltr-haris Type IV physeal fx unspecified metatarsal, 7thP"
111,Sarah Hill,shill32@t-online.de,"Traum hemor left cerebrum w/o loss of consciousness, sequela"
112,Heather Sims,hsims33@edublogs.org,"Bitten by squirrel, initial encounter"
113,Amy Williamson,awilliamson34@census.gov,Other sprain of unspecified elbow
114,Karen Garza,kgarza35@globo.com,"Age-rel osteopor w current path fx, unsp forearm, sequela"
115,Betty Mendoza,bmendoza36@ow.ly,"Other secondary kyphosis, thoracic region"
116,Aaron Ray,aray37@prnewswire.com,"Complete traumatic amp at knee level, unsp low leg, sequela"
117,James Lopez,jlopez38@ebay.com,"Disp fx of capitate bone, unspecified wrist, sequela"
118,Judith Grant,jgrant39@tinypic.com,"Traum rupture of collat ligmt of finger at MCP/IP jt, init"
119,Kathy Wright,kwright3a@blogspot.com,"Disp fx of olecran pro w intartic extn unsp ulna, init"
120,Christina Martin,cmartin3b@discovery.com,"Tox eff of nitro & oth nitric acids and esters, asslt, init"
121,Henry Baker,hbaker3c@1und1.de,"Abscess of tendon sheath, left forearm"
122,Gregory Nichols,gnichols3d@infoseek.co.jp,Other congenital infectious and parasitic diseases
123,Catherine Little,clittle3e@huffingtonpost.com,Unsp comp of fb acc left in body following heart cath
124,Arthur Harris,aharris3f@blogs.com,"Displ commnt fx shaft of ulna, unsp arm, 7thH"
125,Stephen Black,sblack3g@bbb.org,"Strain flxr musc/fasc/tend l little fngr at wrs/hnd lv, sqla"
126,Eugene Howard,ehoward3h@cnet.com,"Corrosion of unsp degree of unsp toe(s) (nail), subs encntr"
127,Janice Nelson,jnelson3i@wisc.edu,Cold injury syndrome
128,Barbara Martinez,bmartinez3j@edublogs.org,"Leakage of intraperitoneal dialysis catheter, subs encntr"
129,Dennis Ward,dward3k@digg.com,"Displ commnt fx shaft of l femr, 7thM"
130,Eric Washington,ewashington3l@smugmug.com,"Toxic reaction to local anesth during preg, second trimester"
131,Russell Diaz,rdiaz3m@miitbeian.gov.cn,"Laceration of blood vessel of left middle finger, subs"
132,Lois Peters,lpeters3n@vkontakte.ru,"Partial traumatic amp of unsp hand at wrist level, sequela"
133,Carolyn Medina,cmedina3o@ocn.ne.jp,"Laceration of unspecified renal artery, sequela"
134,Sean Washington,swashington3p@jugem.jp,"Struck by other hoof stock, subsequent encounter"
135,Walter Hamilton,whamilton3q@hhs.gov,"Hallucinogen dependence with intoxication, unspecified"
136,Maria Simpson,msimpson3r@istockphoto.com,Glaucomatous flecks (subcapsular)
137,Ashley Duncan,aduncan3s@chicagotribune.com,"Assault by push/place victim in front of moving object, subs"
138,Annie Torres,atorres3t@hp.com,Infected hydrocele
139,Diane Johnston,djohnston3u@g.co,Sprain of left rotator cuff capsule
140,Ryan Lynch,rlynch3v@nbcnews.com,"Crushing injury of right shoulder and upper arm, subs encntr"
141,Paul Anderson,panderson3w@scientificamerican.com,"Disp fx of prox phalanx of l lit fngr, 7thD"
142,Deborah Stewart,dstewart3x@webs.com,Ulcerative (chronic) proctitis with fistula
143,Raymond Mendoza,rmendoza3y@goo.gl,Chancroid
144,Nancy Oliver,noliver3z@rambler.ru,"Unspecified fracture of unspecified acetabulum, sequela"
145,Kathryn Howell,khowell40@usa.gov,"Contus/lac/hem crblm w LOC w dth d/t brain inj bf consc,init"
146,Harry Nichols,hnichols41@gnu.org,"Laceration without foreign body of larynx, sequela"
147,Brandon Harvey,bharvey42@t-online.de,"Pregnancy with inconclusive fetal viability, fetus 1"
148,Kathleen Palmer,kpalmer43@ehow.com,"Microcystoid degeneration of retina, left eye"
149,Patrick Bennett,pbennett44@wisc.edu,"Hit by falling object due to accident to canoe/kayk, sequela"
150,Jack Peters,jpeters45@wufoo.com,"Adverse effect of predom beta-adrenocpt agonists, subs"
151,Ernest Ryan,eryan46@oracle.com,"Unsp opn wnd unsp bk wl of thorax w/o penet thor cav, subs"
152,Matthew Lee,mlee47@t-online.de,"Palindromic rheumatism, unspecified hip"
153,Brian Hall,bhall48@soundcloud.com,Cocaine abuse with cocaine-induced sexual dysfunction
154,Terry Frazier,tfrazier49@xinhuanet.com,Spastic ectropion of left upper eyelid
155,Gloria Ortiz,gortiz4a@house.gov,"Path fx in oth disease, r radius, subs for fx w malunion"
156,James Henderson,jhenderson4b@vimeo.com,"Tympanosclerosis, unspecified ear"
157,Deborah Lee,dlee4c@cbc.ca,"Other secondary scoliosis, thoracolumbar region"
158,Brenda Gibson,bgibson4d@wikispaces.com,"Contracture of muscle, left upper arm"
159,Carl Spencer,cspencer4e@yolasite.com,"Insect bite (nonvenomous), left lesser toe(s), sequela"
160,Walter Torres,wtorres4f@naver.com,"Driver injured in collision w unsp mv in traf, init"
161,Lisa Bennett,lbennett4g@si.edu,"Oth fx lower end of r tibia, subs for clos fx w routn heal"
162,Martha Myers,mmyers4h@meetup.com,"Unsp intracapsular fracture of right femur, init for clos fx"
163,Albert Elliott,aelliott4i@ihg.com,"Toxic effect of ingested berries, accidental (unintentional)"
164,Anthony Nelson,anelson4j@uol.com.br,Complete traumatic trnsphal amputation of and unsp finger(s)
165,Emily Jacobs,ejacobs4k@slate.com,Person injured in collision betw hv veh and bus (traffic)
166,Paula Reyes,preyes4l@trellian.com,"Small cell B-cell lymphoma, spleen"
167,Christine Kelley,ckelley4m@va.gov,"Toxic effect of venom of bees, undetermined, sequela"
168,Julia Harper,jharper4n@ustream.tv,Calculus of bile duct w acute and chronic cholecyst w obst
169,Dennis Lopez,dlopez4o@creativecommons.org,"Drowning and submersion due to merchant ship sinking, init"
170,Dorothy Allen,dallen4p@usda.gov,"Abrasion of left wrist, subsequent encounter"
171,Raymond Crawford,rcrawford4q@amazon.de,"Abrasion of unspecified part of head, sequela"
172,Nicole Fox,nfox4r@slashdot.org,"Unsp physl fx lower end of l femur, subs for fx w routn heal"
173,Robert Butler,rbutler4s@a8.net,"Laceration without foreign body of vocal cord, init encntr"
174,Fred Lee,flee4t@hp.com,Acquired stenosis of left nasolacrimal duct
175,Martha Medina,mmedina4u@desdev.cn,"Displ spiral fx shaft of ulna, l arm, 7thR"
176,Chris Dean,cdean4v@wix.com,"Insect bite (nonvenomous) of r frnt wl of thorax, init"
177,Bruce Mcdonald,bmcdonald4w@netvibes.com,"Nondisp fx of med malleolus of unsp tibia, 7thB"
178,John Reed,jreed4x@drupal.org,"Oth fracture of left patella, init for opn fx type I/2"
179,Mildred Morris,mmorris4y@upenn.edu,Ulcerative (chronic) rectosigmoiditis
180,Jose Sims,jsims4z@reddit.com,"Contusion and laceration of cereb, w/o loss of consciousness"
181,Frank Rogers,frogers50@ycombinator.com,Acute respiratory distress syndrome
182,Steve Garza,sgarza51@e-recht24.de,"Poisoning by hydantoin derivatives, accidental"
183,Margaret Gonzalez,mgonzalez52@cbc.ca,"Nondisp oblique fx shaft of l rad, 7thN"
184,Jeremy Chavez,jchavez53@flavors.me,"Unsp fracture of the lower end of unsp radius, init"
185,Walter Lopez,wlopez54@taobao.com,"Arteritis, unspecified"
186,Louis Miller,lmiller55@1und1.de,Underdosing of anthelminthics
187,Irene Hamilton,ihamilton56@last.fm,"Toxic effect of venom of brown recluse spider, acc, sequela"
188,Laura Sims,lsims57@prweb.com,"Stress fracture, right ankle"
189,Amy Hernandez,ahernandez58@businessinsider.com,"Disp fx of less trochanter of r femr, 7thC"
190,Brandon Pierce,bpierce59@xinhuanet.com,"Other specified joint disorders, right hand"
191,Anne Mendoza,amendoza5a@theatlantic.com,Displacement of internal fixation device of other bones
192,Louise Banks,lbanks5b@mapy.cz,Discoid lupus erythematosus of left upper eyelid
193,Ann Williams,awilliams5c@sciencedaily.com,"Acute ischemic heart disease, unspecified"
194,Brandon Parker,bparker5d@weebly.com,"Subluxation of radiocarpal joint of left wrist, init encntr"
195,Adam Carpenter,acarpenter5e@fotki.com,"Lacerat unsp bld vess at abd, low back and pelv level, subs"
196,Linda Nichols,lnichols5f@businessinsider.com,Burn of second degree of left foot
197,William Henry,whenry5g@taobao.com,"Myositis ossificans progressiva, right finger(s)"
198,Mildred Flores,mflores5h@youtube.com,Moderate vulvar dysplasia
199,Justin Austin,jaustin5i@redcross.org,"Dislocation of MCP joint of right ring finger, sequela"
200,Angela Knight,aknight5j@samsung.com,"Torus fx upper end of left ulna, subs for fx w malunion"
201,Sean Barnes,sbarnes5k@who.int,"Unspecified aircraft accident injuring occupant, sequela"
202,Sara Scott,sscott5l@freewebs.com,Unspecified injury of stomach
203,Judy Gardner,jgardner5m@qq.com,"Unsp fx upr end r tibia, 7thR"
204,Donald Castillo,dcastillo5n@altervista.org,Open bite of thumb without damage to nail
205,Eugene Butler,ebutler5o@chronoengine.com,"Underdosing of antidotes and chelating agents, subs encntr"
206,Kathy Olson,kolson5p@sitemeter.com,"Driver of 3-whl mv inj in clsn w pedl cyc nontraf, sequela"
207,Peter Armstrong,parmstrong5q@sciencedirect.com,"Unspecified injury of other part of colon, subs encntr"
208,Jonathan Lewis,jlewis5r@irs.gov,"Displ commnt fx shaft of l tibia, 7thQ"
209,Ryan Sullivan,rsullivan5s@amazon.co.jp,"Other fracture of left foot, 7thG"
210,Wanda Weaver,wweaver5t@drupal.org,Burn of unspecified degree of right elbow
211,Willie Wheeler,wwheeler5u@desdev.cn,Lac w fb of r frnt wl of thorax w penet thoracic cavity
212,Pamela Price,pprice5v@macromedia.com,"Displ seg fx shaft of unsp fibula, 7thJ"
213,Jimmy Freeman,jfreeman5w@yellowbook.com,"Assault by strike by baseball bat, subsequent encounter"
214,Chris Gray,cgray5x@reverbnation.com,Congenital malformations of cardiac chambers and connections
215,Julia Evans,jevans5y@amazon.co.jp,"Disorder of ligament, right elbow"
216,Amy Rogers,arogers5z@list-manage.com,Cerebral infrc due to thombos unsp posterior cerebral artery
217,Jimmy Chapman,jchapman60@mlb.com,"Laceration of musc/fasc/tend long hd bicep, right arm, subs"
218,Jimmy Gomez,jgomez61@stanford.edu,Ped on sktbrd injured in collision w rail trn/veh nontraf
219,Andrew Harris,aharris62@whitehouse.gov,"Animal-rider injured in collision with streetcar, sequela"
220,Adam Hunt,ahunt63@live.com,"Nondisp fx of low epiphy (separation) of r femr, 7thP"
221,Emily Owens,eowens64@google.co.jp,"Person outsd special construct vehicle inj in traf, sequela"
222,Jean Hayes,jhayes65@printfriendly.com,"Nondisp fx of shaft of 2nd MC bone, r hand, 7thK"
223,Arthur George,ageorge66@arstechnica.com,Fracture of unspecified phalanx of right index finger
224,Clarence Scott,cscott67@tripod.com,"Toxic effect of unsp inorganic substance, self-harm"
225,Jesse Brown,jbrown68@prweb.com,"Oth ac & subac resp cond d/t chemicals, gas, fumes & vapors"
226,Alan Scott,ascott69@reuters.com,"Other fracture of third metacarpal bone, right hand"
227,Amy Perry,aperry6a@youtube.com,"Burn of second degree of left toe(s) (nail), subs encntr"
228,Brian Moore,bmoore6b@businessinsider.com,Genetic susceptibility to malignant neoplasm of breast
229,Billy Nguyen,bnguyen6c@ycombinator.com,"Pathological fracture, left finger(s)"
230,Fred Taylor,ftaylor6d@ucoz.com,Car passenger injured in nonclsn transport accident nontraf
231,Brenda Murphy,bmurphy6e@vk.com,"Occ of rail trn/veh inj due to clsn w miltry vehicle, subs"
232,Jose Frazier,jfrazier6f@weather.com,"Other reactive arthropathies, left wrist"
233,Christine Peters,cpeters6g@engadget.com,Inferior dislocation of right humerus
234,Steven Larson,slarson6h@plala.or.jp,"Pnctr w/o fb of unsp finger w/o damage to nail, subs"
235,Arthur Graham,agraham6i@oakley.com,Displaced transverse fracture of shaft of right tibia
236,Frances Berry,fberry6j@blogtalkradio.com,"Verteb art compression syndromes, occipt-atlan-ax region"
237,Juan Kelley,jkelley6k@japanpost.jp,Other complication of kidney transplant
238,Linda Taylor,ltaylor6l@nymag.com,"Mtrcy driver injured in clsn w rail trn/veh in traf, subs"
239,Victor Harris,vharris6m@mail.ru,"Subluxation of proximal interphaln joint of r rng fngr, init"
240,Paul Long,plong6n@chronoengine.com,"Poisoning by unsp psychostimulants, assault, subs encntr"
241,Frances Tucker,ftucker6o@themeforest.net,"Mantle cell lymphoma, nodes of ing region and lower limb"
242,Phyllis Long,plong6p@behance.net,Non-pressure chronic ulcer of back with fat layer exposed
243,Kenneth Gray,kgray6q@oakley.com,"Displacement of heart valve prosthesis, sequela"
244,Bobby Mendoza,bmendoza6r@dailymotion.com,Deficiency of vitamin K
245,Rachel Matthews,rmatthews6s@edublogs.org,Benign neoplasm of other specified female genital organs
246,Barbara Reid,breid6t@flavors.me,"Other infective bursitis, left shoulder"
247,Arthur Banks,abanks6u@seattletimes.com,"Displ spiral fx shaft of l tibia, init for opn fx type I/2"
248,Ruby Holmes,rholmes6v@sciencedirect.com,"Pnctr w/o fb of unsp frnt wl of thrx w/o penet thor cav,init"
249,Fred Myers,fmyers6w@odnoklassniki.ru,Minor contusion of spleen
250,Kathy Reid,kreid6x@toplist.cz,"Displ seg fx shaft of ulna, r arm, 7thM"
251,Rachel Bailey,rbailey6y@china.com.cn,Open bite of right thumb without damage to nail
252,Rebecca Vasquez,rvasquez6z@lycos.com,"Anterior dislocation of left ulnohumeral joint, subs encntr"
253,Jeremy Ramos,jramos70@timesonline.co.uk,Arthropathies in other diseases classified elsewhere
254,Kathleen Kim,kkim71@whitehouse.gov,Polyp of stomach and duodenum
255,Catherine Hayes,chayes72@ft.com,"Toxic effect of pesticides, intentional self-harm, sequela"
256,Rachel Riley,rriley73@ebay.com,"Sprain of MTP joint of unsp great toe, sequela"
257,Julie Ray,jray74@squidoo.com,"2-part disp fx of surg nk of r humer, 7thD"
258,Willie Carter,wcarter75@creativecommons.org,"Toxic effect of unspecified pesticide, assault, init encntr"
259,Chris Evans,cevans76@jiathis.com,"Ocular lac w/o prolaps/loss of intraoc tissue, r eye, sqla"
260,Keith Wright,kwright77@time.com,"Corros 1st deg mult sites of right low limb, ex ank/ft, sqla"
261,Anne Warren,awarren78@jiathis.com,"Lacerat blood vessels at ank/ft level, left leg, sequela"
262,Patrick Wright,pwright79@goo.ne.jp,"Struck by field hockey stick, subsequent encounter"
263,Alice Murray,amurray7a@live.com,"Chronic gout, unspecified, with tophus (tophi)"
264,Albert Little,alittle7b@over-blog.com,"Disp fx of olecran pro w/o intartic extn unsp ulna, 7thK"
265,Diana Gordon,dgordon7c@indiatimes.com,"Nondisp fx of prox phalanx of l less toe(s), 7thG"
266,Carolyn Brooks,cbrooks7d@princeton.edu,"Sltr-haris Type III physeal fx lower end of left tibia, init"
267,Jack Ryan,jryan7e@google.com.au,"Strain of msl/fasc/tnd posterior grp at thi lev, unsp thigh"
268,Gary Cox,gcox7f@whitehouse.gov,Other Gram-negative sepsis
269,Annie Fowler,afowler7g@wordpress.com,Unspecified injury of right middle and inner ear
270,Amanda Powell,apowell7h@theglobeandmail.com,Occup of bus injured in collision w ped/anml in traf
271,Mark Romero,mromero7i@jimdo.com,"Disp fx of prox phalanx of r mid fngr, 7thG"
272,Sara Olson,solson7j@weibo.com,Scar conditions and fibrosis of skin
273,Adam Martinez,amartinez7k@macromedia.com,"Nondisp fx of dist phalanx of r rng fngr, 7thD"
274,Annie Ross,aross7l@purevolume.com,"Prsn brd/alit pk-up/van injured in nonclsn trnsp acc, subs"
275,Ralph Johnson,rjohnson7m@g.co,"Activity, other involving animal care"
276,Jerry Willis,jwillis7n@sogou.com,"Unsp fx unsp forearm, subs for opn fx type 3A/B/C w malunion"
277,Lois Marshall,lmarshall7o@goodreads.com,"Person outsd hv veh inj in clsn w pedl cyc nontraf, sequela"
278,Harry James,hjames7p@wikispaces.com,"Chronic giant papillary conjunctivitis, bilateral"
279,Deborah George,dgeorge7q@shinystat.com,"Anterior dislocation of left sternoclavicular joint, init"
280,Roy Spencer,rspencer7r@gmpg.org,Blister (nonthermal) of unspecified shoulder
281,Heather West,hwest7s@dropbox.com,Skateboard accident
282,Alice Spencer,aspencer7t@chronoengine.com,"Hypopyon, left eye"
283,Denise Hill,dhill7u@purevolume.com,Sprain of metatarsophalangeal joint of left lesser toe(s)
284,Teresa Stevens,tstevens7v@list-manage.com,"Laceration of right Achilles tendon, sequela"
285,Karen Rice,krice7w@shinystat.com,Acute pansinusitis
286,Marie Ortiz,mortiz7x@ebay.com,Sprain of metacarpophalangeal joint of left ring finger
287,Lillian Ryan,lryan7y@about.com,Subluxation complex (vertebral) of sacral region
288,Roger Day,rday7z@google.it,"Sltr-haris Type I physl fx lower end of ulna, unsp arm, sqla"
289,Henry Taylor,htaylor80@imageshack.us,"Open bite of right cheek and temporomandibular area, sequela"
290,Jesse Harrison,jharrison81@yelp.com,"Toxic effect of chewing tobacco, accidental (unintentional)"
291,Raymond Young,ryoung82@bigcartel.com,"Conjunctival adhesions and strands (localized), right eye"
292,Jose Dunn,jdunn83@last.fm,Laceration of intercostal blood vessels
293,Katherine Fields,kfields84@mysql.com,"Mechanical loosening of internal prosthetic joint, sequela"
294,Gary Henderson,ghenderson85@apache.org,"Corrosion of first deg mult sites of unsp ank/ft, sequela"
295,Margaret Shaw,mshaw86@uiuc.edu,"Disp fx of med phalanx of r rng fngr, subs for fx w nonunion"
296,Mary Tucker,mtucker87@state.tx.us,"Varus deformity, not elsewhere classified, hip"
297,Howard Webb,hwebb88@bluehost.com,"Disp fx of nk of 4th MC bone, r hand, subs for fx w nonunion"
298,Catherine Wallace,cwallace89@salon.com,"Injury of radial nerve at upper arm level, left arm, subs"
299,Raymond Crawford,rcrawford8a@yahoo.co.jp,"Adverse effect of phenothiaz antipsychot/neurolept, sequela"
300,Robin Hansen,rhansen8b@is.gd,"Nondisp intertroch fx l femr, 7thM"
301,Bruce Long,blong8c@flickr.com,Postprocedural seroma of ear/mastd following other procedure
302,Kathleen Marshall,kmarshall8d@china.com.cn,"Nondisp fx of olecran pro w/o intartic extn r ulna, 7thC"
303,Teresa Marshall,tmarshall8e@senate.gov,"Vitreous membranes and strands, bilateral"
304,Willie West,wwest8f@cafepress.com,"Toxic effect of other pesticides, assault, sequela"
305,Joyce Hart,jhart8g@list-manage.com,"Laceration of ulnar artery at forearm level, unsp arm, subs"
306,Lillian Ruiz,lruiz8h@sogou.com,"Poisoning by oth estrogens and progestogens, assault, subs"
307,Theresa Torres,ttorres8i@wisc.edu,"Other streptococcal arthritis, unspecified wrist"
308,Beverly Nelson,bnelson8j@upenn.edu,"Prsn outsd 3-whl mv inj in clsn w statnry obj nontraf, subs"
309,John Johnson,jjohnson8k@economist.com,"Other fracture of left foot, 7thG"
310,Juan Wood,jwood8l@cafepress.com,Other diseases of pulmonary vessels
311,Ernest Lane,elane8m@simplemachines.org,"Poisoning by oth nonsteroid anti-inflam drugs, undet, init"
312,Aaron Oliver,aoliver8n@furl.net,"Unsp fx shaft of l femr, 7thR"
313,James Rogers,jrogers8o@psu.edu,Other ectopic pregnancy with intrauterine pregnancy
314,Rachel Cook,rcook8p@bluehost.com,"Path fracture in neoplastic disease, unsp humerus, init"
315,Brandon Hanson,bhanson8q@vimeo.com,Polycythemia vera
316,Emily Ferguson,eferguson8r@chicagotribune.com,"Unil post-trauma osteoarth of 1st carpometacarp jt, l hand"
317,Dennis Morgan,dmorgan8s@google.com.hk,"Oth personal risk factors, not elsewhere classified"
318,Adam Coleman,acoleman8t@pbs.org,"Legal intervnt w injury by explosv shell, bystand injured"
319,Joseph Dunn,jdunn8u@bandcamp.com,"Oth soft tissue disorders related to use/pressure, l low leg"
320,Susan Banks,sbanks8v@simplemachines.org,"Unsp fracture of lower end of unspecified femur, sequela"
321,Mark Scott,mscott8w@wikia.com,Neonatal obstruction of nasolacrimal duct
322,Anna Green,agreen8x@google.ca,"2-part nondisp fx of surg nk of r humer, 7thK"
323,John Bailey,jbailey8y@huffingtonpost.com,"Unspecified cataclysmic storm, sequela"
324,Brenda Edwards,bedwards8z@tuttocitta.it,"Anterior disloc of proximal end of tibia, left knee, subs"
325,Betty Griffin,bgriffin90@japanpost.jp,"Displaced trimalleolar fracture of unsp lower leg, sequela"
326,Julia Mcdonald,jmcdonald91@dion.ne.jp,"Toxic effect of metals, accidental (unintentional), sequela"
327,Christine Rodriguez,crodriguez92@dell.com,"Traumatic amputation of forearm, level unspecified"
328,Jonathan Wright,jwright93@omniture.com,"Ped on rolr-skt injured in clsn w 2/3-whl mv in traf, subs"
329,Ann Morrison,amorrison94@wired.com,Visual agnosia
330,Kathy Weaver,kweaver95@goo.ne.jp,Puncture wound without foreign body of penis
331,Wanda Collins,wcollins96@blogs.com,"Stress fracture, left foot, subs for fx w malunion"
332,George Lynch,glynch97@constantcontact.com,Occupant of 3-whl mv injured in collision w pedal cycle
333,Ruth Fields,rfields98@pbs.org,"Underdosing of primarily systemic and hematolog agents, init"
334,Chris Holmes,cholmes99@msn.com,Unsp focal traumatic brain injury w/o loss of consciousness
335,Christina Myers,cmyers9a@nature.com,"Car driver injured in collision w rail trn/veh in traf, init"
336,Wayne Martinez,wmartinez9b@chron.com,"Corrosion of unsp degree of left upper arm, init encntr"
337,Jeremy Carroll,jcarroll9c@nydailynews.com,Intcran inj w loss of consciousness of 6 hours to 24 hours
338,Denise Palmer,dpalmer9d@msu.edu,"Corrosion of unsp degree of unspecified wrist, init encntr"
339,Dorothy Mills,dmills9e@is.gd,Person outside pk-up/van inj in clsn w 2/3-whl mv nontraf
340,Richard Wood,rwood9f@bbc.co.uk,"Adverse effect of peripheral vasodilators, initial encounter"
341,Denise Webb,dwebb9g@walmart.com,"False labor before 37 completed weeks of gest, third tri"
342,Howard Marshall,hmarshall9h@discovery.com,"Nondisp fx of shaft of fourth MC bone, left hand, init"
343,Ryan Phillips,rphillips9i@mapy.cz,"Osteophyte, unspecified elbow"
344,Rebecca Porter,rporter9j@goo.gl,"Drug/chem diab with mild nonp rtnop with mclr edema, l eye"
345,Anne Holmes,aholmes9k@plala.or.jp,Other gastritis without bleeding
346,Shirley Weaver,sweaver9l@mediafire.com,"Nondisp spiral fx shaft of l fibula, 7thQ"
347,Beverly Ferguson,bferguson9m@meetup.com,"LeFort III fracture, initial encounter for open fracture"
348,Nancy Bradley,nbradley9n@telegraph.co.uk,Toxic effect of phosphorus and its compounds
349,Emily Williams,ewilliams9o@google.fr,"Inj superficial vein at shldr/up arm, right arm, subs"
350,Lois Martinez,lmartinez9p@discovery.com,Passenger in pk-up/van injured in collision w hv veh in traf
351,Aaron Peterson,apeterson9q@ucsd.edu,Displaced subtrochanteric fracture of right femur
352,Carol Spencer,cspencer9r@zimbio.com,Other hydronephrosis
353,Russell Young,ryoung9s@edublogs.org,"Displ transverse fx shaft of l fibula, 7thB"
354,Harold Chavez,hchavez9t@reverbnation.com,"Unspecified superficial injury of left shoulder, sequela"
355,Helen Black,hblack9u@europa.eu,Amyloid pterygium of unspecified eye
356,Ruth Flores,rflores9v@ebay.co.uk,Plantar wart
357,Emily Henderson,ehenderson9w@tumblr.com,"Fall on board fishing boat, subsequent encounter"
358,Kevin Perkins,kperkins9x@independent.co.uk,"Nondisp fx of prox phalanx of l thm, 7thD"
359,Ralph Holmes,rholmes9y@jigsy.com,"Mtrcy rider (driver) injured in oth transport acc, sequela"
360,Joyce Chapman,jchapman9z@hc360.com,"Advrs effect of unsp antieplptc and sed-hypntc drugs, sqla"
361,Donald Bailey,dbaileya0@photobucket.com,"Blister (nonthermal) of left forearm, initial encounter"
362,Janice Patterson,jpattersona1@hao123.com,Corrosion of unspecified degree of right thumb (nail)
363,Donna Ruiz,druiza2@linkedin.com,"Accidental malfunction of airgun, subsequent encounter"
364,Ruth Stephens,rstephensa3@storify.com,"Lateral dislocation of unspecified patella, subs encntr"
365,Jeffrey Patterson,jpattersona4@mlb.com,"Pnctr w/o fb of r little finger w/o damage to nail, sequela"
366,Martha Price,mpricea5@ucoz.ru,"Maternal care for excess fetal growth, first trimester, oth"
367,Joseph Johnston,jjohnstona6@cbsnews.com,Posterior dislocation of right acromioclavicular joint
368,Jimmy Evans,jevansa7@tuttocitta.it,"Corrosion of first degree of back of left hand, subs encntr"
369,Jacqueline Henry,jhenrya8@guardian.co.uk,"Displaced comminuted fracture of shaft of left tibia, init"
370,Jeremy Robertson,jrobertsona9@51.la,Primary hyperparathyroidism
371,Frances Miller,fmilleraa@cdc.gov,Nondisplaced fracture of cuboid bone of right foot
372,Howard Carter,hcarterab@mozilla.org,"Mech compl of carotid arterial graft (bypass), sequela"
373,Gary Wallace,gwallaceac@gov.uk,"Person injured in collision betw rail trn/veh and car, init"
374,Brenda Stone,bstonead@state.tx.us,"Contusion of ovary, unspecified, initial encounter"
375,Jean Evans,jevansae@sogou.com,"Malig neoplm of conn and soft tiss of upper limb, inc shldr"
376,Gregory Stanley,gstanleyaf@ocn.ne.jp,"Other myositis, left lower leg"
377,Margaret George,mgeorgeag@ucla.edu,"Nondisp spiral fx shaft of r tibia, 7thK"
378,Randy Lee,rleeah@google.nl,"Sprain of interphalangeal joint of right thumb, subs encntr"
379,Evelyn Lopez,elopezai@aol.com,"Nondisp suprcndl fx w intrcndl extn lower end l femur, init"
380,Stephen Woods,swoodsaj@washingtonpost.com,"Burn of third degree of ear [any part, except ear drum]"
381,Bobby Harris,bharrisak@hp.com,"Breakdown of implnt elec nstim of brain lead, init"
382,Anne Hart,ahartal@printfriendly.com,"Insect bite of unsp external genital organs, male, init"
383,Mildred Henderson,mhendersonam@smugmug.com,"Torus fx lower end of unsp tibia, subs for fx w malunion"
384,John Bishop,jbishopan@time.com,"Drvr of pk-up/van inj in clsn w statnry object in traf, sqla"
385,Denise Baker,dbakerao@hao123.com,"Total retinal detachment, right eye"
386,Kelly Sanders,ksandersap@etsy.com,"Poisn by oth agents prim act on the resp sys, slf-hrm, subs"
387,Julia Washington,jwashingtonaq@answers.com,"Corros second deg of unsp site unsp lower limb, ex ank/ft"
388,Phyllis Davis,pdavisar@ebay.com,Acquired absence of unspecified leg above knee
389,Denise Sims,dsimsas@census.gov,"Unsp open wound of unsp toe(s) w/o damage to nail, subs"
390,Robert Jenkins,rjenkinsat@uiuc.edu,"Unspecified injury of right renal artery, sequela"
391,Jason Brooks,jbrooksau@tmall.com,"Partial traumatic amputation of left breast, init encntr"
392,Anna Hayes,ahayesav@1und1.de,"Corros first deg mult sites of left shldr/up lmb, ex wrs/hnd"
393,Sharon Mccoy,smccoyaw@shinystat.com,Other situational type phobia
394,Melissa Banks,mbanksax@netlog.com,"Rheumatoid arthritis w/o rheumatoid factor, left ank/ft"
395,Maria Armstrong,marmstrongay@issuu.com,"Effusion, wrist"
396,Maria Riley,mrileyaz@mysql.com,"Lacerat unsp bld vess at abd, low back and pelv level, subs"
397,Christina Tucker,ctuckerb0@boston.com,"Nondisp fx of lateral condyle of unsp femr, 7thM"
398,Martin Ellis,mellisb1@sun.com,"Displaced midcervical fx r femur, init for opn fx type I/2"
399,Betty Garrett,bgarrettb2@discuz.net,"Nondisp comminuted fracture of shaft of unsp fibula, sequela"
400,Elizabeth Sims,esimsb3@fda.gov,"Displaced oblique fracture of shaft of unsp tibia, sequela"
401,Ashley Elliott,aelliottb4@zdnet.com,Cleft soft palate with bilateral cleft lip
402,Terry Jones,tjonesb5@mayoclinic.com,"Driver of pk-up/van inj in clsn w nonmtr veh in traf, sqla"
403,Roy Vasquez,rvasquezb6@trellian.com,Oth traum displ spondylolysis of seventh cervcal vertebra
404,Mildred Boyd,mboydb7@yandex.ru,"Poisoning by antithyroid drugs, assault, initial encounter"
405,Earl Gonzalez,egonzalezb8@census.gov,"Other specified injuries of head, initial encounter"
406,George Sanchez,gsanchezb9@bizjournals.com,Partial traumatic amp at level betw r shoulder and elbow
407,Brenda Sanders,bsandersba@over-blog.com,Puncture wound with foreign body of left shoulder
408,David Chapman,dchapmanbb@ucoz.ru,"Cont preg aft elctv fetal rdct of one fetus or more, 2nd tri"
409,Andrew Romero,aromerobc@wikimedia.org,"Merkel cell carcinoma, unspecified"
410,Henry Ramirez,hramirezbd@wp.com,"Occls and stenosis of precerb art, not rslt in cereb infrc"
411,Janice Bradley,jbradleybe@fastcompany.com,"Prsn outsd pk-up/van inj in clsn w rail trn/veh in traf,subs"
412,Sharon Murray,smurraybf@usa.gov,"Sltr-haris Type I physl fx low end r fibula, 7thD"
413,Martha Robertson,mrobertsonbg@friendfeed.com,"Displaced transverse fracture of right patella, init"
414,Lisa Rogers,lrogersbh@blogs.com,Antiparkns drug/centr muscle-tone depressants
415,Eugene Gardner,egardnerbi@imgur.com,"Inj radial artery at forearm level, left arm, sequela"
416,Andrea Stewart,astewartbj@eventbrite.com,"Disp fx of body of scapula, unsp shldr, 7thP"
417,Ruby Robinson,rrobinsonbk@flavors.me,Toxic effect of tobacco and nicotine
418,Shawn Lynch,slynchbl@canalblog.com,"Toxic effect of venom of arthropod, undetermined, sequela"
419,Christina Austin,caustinbm@goo.gl,Encounter for exam and obs following alleged child rape
420,Anne Wallace,awallacebn@youku.com,"Fracture of angle of mandible, unspecified side"
421,Matthew Schmidt,mschmidtbo@sphinn.com,"Disp fx of med malleolus of r tibia, 7thH"
422,Harry Reid,hreidbp@amazon.com,"Displaced transverse fracture of shaft of left femur, init"
423,Michael Simpson,msimpsonbq@issuu.com,Dermatochalasis of left upper eyelid
424,Joseph Ray,jraybr@amazon.de,Other specified acute disseminated demyelination
425,Jose Burke,jburkebs@pinterest.com,"Oth fx fifth MC bone, left hand, subs for fx w routn heal"
426,Jack Day,jdaybt@cloudflare.com,"Disp fx of med condyle of l tibia, 7thK"
427,Roger Boyd,rboydbu@ehow.com,"Toxic effect of other alcohols, assault, sequela"
428,Margaret Griffin,mgriffinbv@ucsd.edu,"Acquired stenosis of left external ear canal, unspecified"
429,Daniel Fox,dfoxbw@google.com.br,"Displacement of urinary electronic stimulator device, subs"
430,Larry Russell,lrussellbx@amazon.de,"Exposure to other noise, sequela"
431,Nancy Fuller,nfullerby@1und1.de,"Complete oblique atypical femoral fracture, unsp leg, 7thD"
432,Annie Johnson,ajohnsonbz@ucsd.edu,"Legal intervnt w unsp sharp objects, suspect inj, sequela"
433,Alan Freeman,afreemanc0@cdbaby.com,External constriction of left ear
434,Barbara Johnson,bjohnsonc1@dot.gov,"Disp fx of shaft of 3rd MC bone, l hand, 7thK"
435,Emily Gardner,egardnerc2@instagram.com,"Benign paroxysmal vertigo, left ear"
436,Johnny Ray,jrayc3@photobucket.com,Other obstetric injury to pelvic organs
437,Ruby Ramirez,rramirezc4@usatoday.com,"Nondisp fx of low epiphy (separation) of l femr, 7thG"
438,Barbara Montgomery,bmontgomeryc5@surveymonkey.com,"Oth fx shaft of l fibula, 7thQ"
439,Andrew Rodriguez,arodriguezc6@over-blog.com,"Matern care for known or susp placntl insuff, 1st tri, fts2"
440,Daniel Day,ddayc7@hp.com,"Laceration of muscle, fascia and tendon at neck level, subs"
441,Jose Harvey,jharveyc8@ihg.com,"Sltr-haris Type II physeal fx phalanx of unsp toe, 7thD"
442,Pamela Day,pdayc9@google.co.uk,Striking against or struck by other objects
443,Emily Greene,egreeneca@edublogs.org,Retraction of nipple
444,Fred Coleman,fcolemancb@goodreads.com,Benign neoplasm of right ciliary body
445,Eric Price,epricecc@dyndns.org,"Juvenile arthritis, unspecified, unspecified knee"
446,Kevin Hunter,khuntercd@tumblr.com,"Poisoning by oral contraceptives, undetermined, init encntr"
447,Rachel Bailey,rbaileyce@princeton.edu,Other schizophrenia
448,Phillip Washington,pwashingtoncf@blogs.com,"Unspecified open wound, left foot"
449,Teresa Ford,tfordcg@g.co,Other sprain of left foot
450,Jean Carpenter,jcarpenterch@weebly.com,"Burn of unspecified degree of right axilla, sequela"
451,Carl Fuller,cfullerci@meetup.com,Acquired deformity of pinna
452,Earl Morales,emoralescj@newsvine.com,"Disp fx of neck of scapula, l shldr, subs for fx w nonunion"
453,Cynthia Weaver,cweaverck@prweb.com,"Nondisp fx of olecran pro w/o intartic extn unsp ulna, 7thG"
454,Todd Jackson,tjacksoncl@europa.eu,"Disp fx of shaft of 4th MC bone, l hand, 7thD"
455,Paul Larson,plarsoncm@amazon.com,Carrier of diphtheria
456,Stephen Burke,sburkecn@loc.gov,"Traum rupt of unsp ligmt of r rng fngr at MCP/IP jt, sequela"
457,Ernest Daniels,edanielsco@fastcompany.com,"Disp fx of olecran pro w intartic extn left ulna, sequela"
458,Todd Hicks,thickscp@marriott.com,"Osteitis deformans in neoplastic diseases, right forearm"
459,Billy Armstrong,barmstrongcq@yandex.ru,Kaposi's sarcoma of left lung
460,Kathy Garza,kgarzacr@reddit.com,"Oth incomplete lesion at C6, init"
461,Justin Schmidt,jschmidtcs@youtu.be,Crushing injury of scrotum and testis
462,Jonathan Gilbert,jgilbertct@ebay.co.uk,"Spondylolysis, lumbar region"
463,Peter White,pwhitecu@so-net.ne.jp,"Unsp fracture of right ilium, init for clos fx"
464,Nicholas Ellis,nelliscv@ca.gov,"Superficial foreign body of nose, subsequent encounter"
465,Sarah Martin,smartincw@princeton.edu,"Inj cutan sensory nerve at lower leg level, unsp leg, init"
466,Heather Meyer,hmeyercx@tuttocitta.it,"Other dislocation of right wrist and hand, initial encounter"
467,Katherine Porter,kportercy@posterous.com,"Central cord syndrome at C3, init"
468,Mary Evans,mevanscz@aol.com,"External constriction, unspecified lower leg"
469,Ashley Crawford,acrawfordd0@kickstarter.com,"Nondisp seg fx shaft of rad, r arm, 7thK"
470,Larry Kennedy,lkennedyd1@sourceforge.net,"Nondisp oblique fx shaft of unsp fibula, 7thK"
471,Kenneth Fernandez,kfernandezd2@phpbb.com,"Corrosion of second degree of unspecified foot, sequela"
472,Cheryl Burns,cburnsd3@github.com,"Bitten by turtle, sequela"
473,Bruce Graham,bgrahamd4@hhs.gov,"Toxic effect of hydrogen sulfide, self-harm, subs"
474,Emily Reid,ereidd5@jiathis.com,"Inj unsp musc/fasc/tend at shldr/up arm, left arm, sequela"
475,Shirley Jackson,sjacksond6@smh.com.au,Subluxation and dislocation of thoracic vertebra
476,Sara Crawford,scrawfordd7@ebay.co.uk,Visual agnosia
477,Juan Murphy,jmurphyd8@bluehost.com,"Pnctr w/o fb of r bk wl of thorax w/o penet thor cav, sqla"
478,Phillip Chapman,pchapmand9@infoseek.co.jp,"Laceration of extn musc/fasc/tend at forearm level, unsp arm"
479,Earl Johnson,ejohnsonda@gmpg.org,"Passenger injured in collision w oth mv in traf, sequela"
480,Karen Sanders,ksandersdb@acquirethisname.com,Driver injured in collision w unsp mv in traffic accident
481,Douglas Murray,dmurraydc@w3.org,"External constriction of unsp front wall of thorax, init"
482,Roger Phillips,rphillipsdd@mail.ru,"Oth psychoactive substance use, unsp w psychotic disorder"
483,Robert Morris,rmorrisde@topsy.com,"Inj unsp musc/fasc/tend at forearm level, left arm, init"
484,Linda Richards,lrichardsdf@clickbank.net,"Minor laceration of left carotid artery, sequela"
485,Cynthia Harrison,charrisondg@hatena.ne.jp,"Complete oblique atypical femoral fracture, unsp leg, 7thD"
486,Gerald Williams,gwilliamsdh@cbslocal.com,"Nondisp Maisonneuve's fx r leg, 7thJ"
487,Ralph Williams,rwilliamsdi@time.com,Corrosions of other and unspecified internal organs
488,Cynthia Holmes,cholmesdj@answers.com,"Oth fx unsp low leg, 7thF"
489,Judy Harvey,jharveydk@google.it,"Toxic effect of rattlesnake venom, undetermined, init encntr"
490,Joshua Sims,jsimsdl@foxnews.com,Injury of nerves and spinal cord at thorax level
491,Frances Hughes,fhughesdm@paypal.com,"Oth psychoactv substance depend w psychotic disorder, unsp"
492,Irene Ryan,iryandn@moonfruit.com,"Nondisp fx of less tuberosity of unsp humer, 7thP"
493,Jean Gardner,jgardnerdo@weibo.com,"Colles' fracture of unsp radius, init for opn fx type I/2"
494,Alan Palmer,apalmerdp@blogs.com,"Unsp injury of radial art at wrs/hnd lv of unsp arm, sequela"
495,Carlos Fields,cfieldsdq@booking.com,Mech compl of prosth dev/implnt/grft of genital tract
496,Angela Morris,amorrisdr@tripadvisor.com,Encounter for hearing exam following failed hear screening
497,Louis Howard,lhowardds@delicious.com,"Burn and corrosion of lower limb, except ankle and foot"
498,Evelyn Thompson,ethompsondt@spotify.com,Embryonic cyst of fallopian tube
499,Timothy Cunningham,tcunninghamdu@goo.gl,"Contusion of right index finger w/o damage to nail, sequela"
500,Robert Gutierrez,rgutierrezdv@reverbnation.com,"Corrosion of unsp degree of right lower leg, subs encntr"
501,Teresa Morris,tmorrisdw@fda.gov,"Complication of mesenteric artery following a procedure, NEC"
502,Janice Bennett,jbennettdx@sun.com,"Disp fx of med condyle of unsp femr, 7thE"
503,Arthur Barnes,abarnesdy@sbwire.com,"Fx unsp carpal bone, unsp wrist, subs for fx w delay heal"
504,Joe Mendoza,jmendozadz@amazon.co.jp,Corrosion of first degree of left ankle
505,Eric Montgomery,emontgomerye0@hexun.com,"Sprain of unsp parts of right shoulder girdle, init encntr"
506,Peter Black,pblacke1@cyberchimps.com,"Disloc of metacarpal (bone), proximal end of left hand, init"
507,Annie Bryant,abryante2@marriott.com,Partial traumatic transphalangeal amputation of r rng fngr
508,Alice Long,alonge3@engadget.com,Malformation of urachus
509,Christopher Nelson,cnelsone4@europa.eu,"Strain of muscle, fascia and tendon of lower back, init"
510,Craig White,cwhitee5@moonfruit.com,"Oth disp fx of upper end l humer, subs for fx w routn heal"
511,Carlos Rodriguez,crodrigueze6@tmall.com,"Superficial foreign body, unspecified lower leg, subs encntr"
512,Sean Chapman,schapmane7@economist.com,"Contact with running hot water, sequela"
513,Cynthia Robinson,crobinsone8@google.com.hk,Other foreign object in other parts of respiratory tract
514,Cheryl Collins,ccollinse9@facebook.com,"Nondisp transverse fx l patella, 7thG"
515,Tammy Grant,tgrantea@goo.ne.jp,"Poisoning by unsp drug/meds/biol subst, accidental"
516,Sean Lee,sleeeb@auda.org.au,"Polyhydramnios, first trimester, fetus 4"
517,Catherine Kelly,ckellyec@shop-pro.jp,"Nondisp spiral fx shaft of unsp tibia, 7thH"
518,Joshua Sanchez,jsanchezed@army.mil,Other fractures of lower leg
519,Andrew Alexander,aalexanderee@rakuten.co.jp,"Nondisp Maisonneuve's fx l leg, 7thQ"
520,Donna Lawrence,dlawrenceef@army.mil,"Displaced fracture of pisiform, right wrist"
521,Patrick Larson,plarsoneg@virginia.edu,"Poisoning by MAO inhib antidepressants, self-harm, sequela"
522,James Hudson,jhudsoneh@slashdot.org,"Sltr-haris Type IV physl fx lower end humer, unsp arm, sqla"
523,Heather Vasquez,hvasquezei@purevolume.com,"Complete lesion at T2-T6 level of thoracic spinal cord, subs"
524,Ruth Daniels,rdanielsej@4shared.com,"Nondisp fx of med condyle of l femr, 7thQ"
525,Paula Cooper,pcooperek@wix.com,"Unspecified injury of left Achilles tendon, init encntr"
526,Sara Miller,smillerel@imageshack.us,Type 1 diabetes w moderate nonprlf diabetic retinopathy
527,Phillip Hughes,phughesem@so-net.ne.jp,"Fracture of unspecified part of body of left mandible, 7thK"
528,Ernest Kelly,ekellyen@cbc.ca,"Nondisp oblique fx shaft of unsp rad, 7thC"
529,Marilyn Ray,mrayeo@tmall.com,"Burn of second degree of right axilla, sequela"
530,Peter Bennett,pbennettep@elpais.com,Unspecified fracture of unspecified pubis
531,Sharon Johnson,sjohnsoneq@tamu.edu,"Passenger on bus injured in collision w oth mv nontraf, init"
532,Joan Owens,jowenser@exblog.jp,Problems in relationship with in-laws
533,Paula Ruiz,pruizes@hc360.com,"Cont preg after spon abort of one fetus or more, first tri"
534,Jose Brooks,jbrookset@unc.edu,"Arthropathy following intestinal bypass, right hand"
535,Fred Wells,fwellseu@bloglines.com,"Displ oblique fx shaft of r rad, 7thH"
536,Christine Oliver,coliverev@gov.uk,"Dislocation of unsp internal joint prosthesis, init encntr"
537,Raymond Evans,revansew@yelp.com,"Dislocation of midcarpal joint of unspecified wrist, sequela"
538,Mildred Jordan,mjordanex@sciencedaily.com,"Burn of first degree of left hand, unsp site, init encntr"
539,Harry Chavez,hchavezey@tiny.cc,Phantom limb syndrome with pain
540,Cynthia Peterson,cpetersonez@blogger.com,"Nondisp unsp fracture of left great toe, init for opn fx"
541,Pamela Ellis,pellisf0@ameblo.jp,"Nondisp avuls fx tuberosity of unsp calcaneus, 7thG"
542,Harold Roberts,hrobertsf1@elpais.com,Sector or arcuate defects
543,Lisa Bradley,lbradleyf2@cnn.com,"Superficial frostbite of right hand, subsequent encounter"
544,Ruby Mason,rmasonf3@bbb.org,"Unsp nondisp fx of surg nk of unsp humer, 7thG"
545,Anna Hanson,ahansonf4@weather.com,Other diseases of esophagus
546,Wayne Henderson,whendersonf5@ox.ac.uk,Manic episode in partial remission
547,Alan Richardson,arichardsonf6@4shared.com,Mtrcy driver injured in collision w nonmtr vehicle in traf
548,Ernest Stone,estonef7@kickstarter.com,"Complete traumatic amp at knee level, unsp low leg, sequela"
549,Martin Powell,mpowellf8@theglobeandmail.com,"Pecked by chicken, sequela"
550,Donna Stevens,dstevensf9@mapy.cz,"Fall into oth water striking wall causing drown, init"
551,Sandra Duncan,sduncanfa@tumblr.com,Foreign body in conjunctival sac
552,Eric Dunn,edunnfb@slashdot.org,Citrullinemia
553,Tammy Lee,tleefc@mac.com,Subluxation of MCP joint of right ring finger
554,Daniel Gonzales,dgonzalesfd@fotki.com,Unspecified subluxation of left little finger
555,Scott Johnston,sjohnstonfe@istockphoto.com,"Bariatric surgery status comp pregnancy, third trimester"
556,Denise Gonzalez,dgonzalezff@surveymonkey.com,Fall from other pedestrian conveyance
557,David Martin,dmartinfg@seattletimes.com,"Unsp nondisp fx of 7th cervcal vert, 7thG"
558,Jeffrey Russell,jrussellfh@ifeng.com,"Melanocytic nevi of right lower limb, including hip"
559,Michelle George,mgeorgefi@fotki.com,"Sprain of unspecified site of right knee, sequela"
560,Henry Montgomery,hmontgomeryfj@oracle.com,"Person injured in collision betw rail trn/veh and car, subs"
561,Patricia Gonzales,pgonzalesfk@toplist.cz,Occup of bus injured in collision w pedal cycle nontraf
562,David Hill,dhillfl@netvibes.com,"Advrs effect of antimalari/drugs acting on bld protzoa, sqla"
563,Jacqueline Lynch,jlynchfm@sfgate.com,"Legal intervnt involving oth explosv, bystand injured, subs"
564,Nancy Crawford,ncrawfordfn@icq.com,"Nondisp fx of base of nk of l femr, 7thP"
565,Lori Ellis,lellisfo@webnode.com,Blister (nonthermal) of left ear
566,Elizabeth Moreno,emorenofp@ehow.com,"Oth fx second thor vertebra, subs for fx w delay heal"
567,Philip Ward,pwardfq@blogger.com,"Blister (nonthermal) of right little finger, sequela"
568,Timothy Howell,thowellfr@typepad.com,"Bucket-hndl tear of unsp mensc, current injury, r knee, subs"
569,Ruth Schmidt,rschmidtfs@wisc.edu,Family hx of ischem heart dis and oth dis of the circ sys
570,Peter Nelson,pnelsonft@nba.com,"War operations involving explosion of guided missile, milt"
571,Clarence Dunn,cdunnfu@scientificamerican.com,Subluxation of T12/L1 thoracic vertebra
572,Johnny Hanson,jhansonfv@irs.gov,"Nondisp unsp condyle fx lower end of left femur, sequela"
573,Ruby Kelly,rkellyfw@mapy.cz,"Paraphilia, unspecified"
574,Julie Chapman,jchapmanfx@dot.gov,"Sltr-haris Type IV physeal fx lower end of humer, right arm"
575,Clarence Wilson,cwilsonfy@technorati.com,"Nondisp midcervical fx r femr, subs for clos fx w delay heal"
576,Maria Hunt,mhuntfz@springer.com,"Subluxation of unsp acromioclavicular joint, init encntr"
577,Stephen Stephens,sstephensg0@globo.com,"Legal intervnt w injury by explosv shell, suspect injured"
578,Wanda Armstrong,warmstrongg1@paypal.com,"Disp fx of body of hamate bone, left wrist, init for clos fx"
579,Stephanie Bryant,sbryantg2@unicef.org,Heart-lung transplant rejection
580,Robert Nguyen,rnguyeng3@bigcartel.com,"Disp fx of shaft of unsp MC bone, subs for fx w routn heal"
581,Susan Miller,smillerg4@dailymail.co.uk,"Mult fx of pelv w stable disrupt of pelv ring, 7thB"
582,Larry Berry,lberryg5@wix.com,"Nondisp avuls fx (chip fracture) of r talus, 7thD"
583,Susan Rogers,srogersg6@paypal.com,"Displ artic fx head of l femr, 7thJ"
584,Laura Thomas,lthomasg7@mapquest.com,"Lacerat intrns musc/fasc/tend l idx fngr at wrs/hnd lv, subs"
585,Sean Hudson,shudsong8@dmoz.org,"Age-related osteopor w current path fracture, right hand"
586,Stephen Turner,sturnerg9@quantcast.com,"Toxic effect of lead and its compounds, accidental, sequela"
587,Gloria James,gjamesga@bravesites.com,"Underdosing of anticholinesterase agents, subs encntr"
588,Roger Webb,rwebbgb@wikispaces.com,"Suprvsn of preg with history of ectopic preg, second tri"
589,Ruby Mason,rmasongc@spotify.com,"Suprvsn of pregnancy w grand multiparity, third trimester"
590,Ruth Johnson,rjohnsongd@yolasite.com,"Nondisp dome fracture of left talus, subs for fx w nonunion"
591,Harold Palmer,hpalmerge@cisco.com,"Disp fx of med cuneiform of r foot, subs for fx w routn heal"
592,Charles Hart,chartgf@biglobe.ne.jp,"Poisoning by oth parasympathomimetics, undetermined, sequela"
593,Shawn Stewart,sstewartgg@forbes.com,Morquio A mucopolysaccharidoses
594,Mary Boyd,mboydgh@state.gov,"Traumatic anuria, subsequent encounter"
595,Keith Mills,kmillsgi@techcrunch.com,"Charcot's joint, right ankle and foot"
596,Joseph Martinez,jmartinezgj@oracle.com,Changes in skin texture
597,Catherine Knight,cknightgk@plala.or.jp,Abrasion of right ring finger
598,Patrick Fisher,pfishergl@gravatar.com,"Subluxation of T12/L1 thoracic vertebra, initial encounter"
599,Lois Bryant,lbryantgm@nature.com,"Nondisp fx of coracoid pro, unsp shldr, 7thP"
600,Christine Morgan,cmorgangn@networkadvertising.org,"Burn of second degree of unsp thumb (nail), subs encntr"
601,Jacqueline Hunt,jhuntgo@umn.edu,"Laceration of unsp musc/fasc/tend at shldr/up arm, unsp arm"
602,Phyllis Hughes,phughesgp@multiply.com,"Other psychoactive substance abuse with intoxication, unsp"
603,Steven Lopez,slopezgq@narod.ru,"Nondisplaced oblique fracture of shaft of left radius, init"
604,Doris Cooper,dcoopergr@drupal.org,Type 1 diabetes mellitus with hypoglycemia
605,Russell Murphy,rmurphygs@cargocollective.com,"Ghost vessels (corneal), right eye"
606,Teresa Martin,tmartingt@ycombinator.com,Other localized visual field defect
607,Juan Garcia,jgarciagu@answers.com,"Pnctr w/o fb of r bk wl of thorax w/o penet thor cav, subs"
608,Patrick Reyes,preyesgv@amazon.co.uk,"Smith's fracture of left radius, subs for clos fx w nonunion"
609,Lawrence Collins,lcollinsgw@about.com,"Displ spiral fx shaft of rad, r arm, 7thF"
610,Johnny Ortiz,jortizgx@simplemachines.org,"Fx r shoulder girdle, part unsp, subs for fx w routn heal"
611,Alan Harvey,aharveygy@cbsnews.com,"Labor and del comp by oth cord entangle, w/o comprsn, fts5"
612,Jane Williams,jwilliamsgz@arstechnica.com,"Lac w/o fb of abd wall, periumb rgn w penet perit cav, sqla"
613,Kevin Perkins,kperkinsh0@myspace.com,"Osteitis deformans in neoplastic diseases, unsp shoulder"
614,Carol Carroll,ccarrollh1@myspace.com,Intentional self-harm by drown after jump into swimming pool
615,Anne Moreno,amorenoh2@tinyurl.com,"Poisn by pertuss vaccine, inc combin w pertuss, acc, init"
616,Betty Meyer,bmeyerh3@lycos.com,"Physical abuse, confirmed"
617,Mildred Rogers,mrogersh4@goo.gl,"Pnctr w fb of r frnt wl of thorax w penet thor cavity, init"
618,Elizabeth Bell,ebellh5@wired.com,"Person outside car injured in collision w car nontraf, init"
619,Eric Evans,eevansh6@fotki.com,"Other reactive arthropathies, hip"
620,Ruth Mitchell,rmitchellh7@seattletimes.com,"Oth injury of peroneal artery, unspecified leg, init encntr"
621,Susan Thomas,sthomash8@goo.ne.jp,"Traumatic arthropathy, right wrist"
622,Andrew Sanchez,asanchezh9@un.org,"Chondromalacia, right hip"
623,Wanda Hawkins,whawkinsha@wix.com,"Nondisp apophyseal fx r femr, 7thN"
624,Gloria Arnold,garnoldhb@photobucket.com,Laceration without foreign body of hand
625,Ashley Franklin,afranklinhc@creativecommons.org,Idiopathic aseptic necrosis of unspecified bone
626,Daniel Cooper,dcooperhd@cnet.com,Tuberculosis of other bones
627,Ann Cruz,acruzhe@ucoz.ru,"Contact with steam and hot vapors, undetermined intent"
628,Ann Howell,ahowellhf@accuweather.com,"Type 2 diab with prolif diab rtnop without macular edema, bi"
629,Diana Cox,dcoxhg@spotify.com,"Unsp fx shaft of r fibula, 7thJ"
630,Victor Howard,vhowardhh@mashable.com,"Path fx in oth dis, unsp tibia & fibula, 7thG"
631,Karen Garza,kgarzahi@prweb.com,"Mech compl of int orth devices, implnt and grafts, sequela"
632,Phillip Day,pdayhj@cnbc.com,"Pnctr of abd wl w fb, periumb rgn w/o penet perit cav, subs"
633,Matthew Armstrong,marmstronghk@dedecms.com,"Disp fx of body of hamate bone, l wrs, 7thP"
634,Melissa Franklin,mfranklinhl@nhs.uk,"Laceration of oth blood vessels of thorax, unsp side, subs"
635,Gregory Andrews,gandrewshm@hugedomains.com,Other infections specific to the perinatal period
636,Gerald Wilson,gwilsonhn@house.gov,Sltr-haris Type II physeal fx upper end of left fibula
637,Dorothy Roberts,drobertsho@engadget.com,Drug induced fever
638,Fred Black,fblackhp@berkeley.edu,"Adverse effect of antithrombotic drugs, subsequent encounter"
639,Douglas Carpenter,dcarpenterhq@thetimes.co.uk,"War operations involving oth dest arcrft, civilian, subs"
640,Paula Hunt,phunthr@cnbc.com,Intrauterine synechiae
641,Gloria Payne,gpaynehs@aboutads.info,"Primary blast injury of ascending [right] colon, sequela"
642,Gary Chapman,gchapmanht@edublogs.org,Salter-Harris Type IV physeal fracture of lower end of ulna
643,Benjamin Bradley,bbradleyhu@spiegel.de,"Other calcification of muscle, left upper arm"
644,Jennifer Harper,jharperhv@bloglines.com,"Unsp open wound of unsp toe(s) w/o damage to nail, sequela"
645,Irene Cunningham,icunninghamhw@shareasale.com,"Ulcerative colitis, unspecified"
646,Rebecca Young,ryounghx@vistaprint.com,Disorders resulting from impaired renal tubular function
647,Julia Hart,jharthy@discovery.com,"Inj musc/fasc/tend at wrist and hand level, unsp hand"
648,Paul Hill,phillhz@surveymonkey.com,"Obstructed labor due to incmpl rotation of fetal head, unsp"
649,Charles Gardner,cgardneri0@myspace.com,"Burn 3rd deg mu sites of left shldr/up lmb, ex wrs/hnd, sqla"
650,Wayne Morrison,wmorrisoni1@slashdot.org,Acquired absence of pancreas
651,Frances Ford,ffordi2@unicef.org,"Nondisp fx of pisiform, left wrist, subs for fx w routn heal"
652,Roger Stone,rstonei3@symantec.com,"Disp fx of shaft of 1st MC bone, l hand, 7thP"
653,Paul Washington,pwashingtoni4@japanpost.jp,Corrosion of first degree of unspecified foot
654,Beverly Watkins,bwatkinsi5@linkedin.com,"Toxic effect of chloroform, undetermined, sequela"
655,Randy Weaver,rweaveri6@dailymotion.com,"Laceration w fb of abd wall, epigst rgn w penet perit cav"
656,Ernest Armstrong,earmstrongi7@myspace.com,Major laceration of pulmonary blood vessels
657,Earl Gilbert,egilberti8@nydailynews.com,"Prsn brd/alit a 3-whl mv injured in nonclsn trnsp acc, subs"
658,James Bailey,jbaileyi9@tinyurl.com,Female genital mutilation Type I status
659,Philip Reid,preidia@youtu.be,"Disp fx of mid 3rd of navic bone of r wrs, 7thG"
660,Cheryl Evans,cevansib@narod.ru,Fracture of unspecified tarsal bone(s) of right foot
661,Russell Green,rgreenic@ihg.com,"Other premature separation of placenta, unsp trimester"
662,Cheryl Smith,csmithid@joomla.org,"Disp fx of nk of scapula, l shldr, subs for fx w delay heal"
663,Rose Nguyen,rnguyenie@meetup.com,"Unspecified superficial injury of right thigh, sequela"
664,Bruce Castillo,bcastilloif@stanford.edu,"Preterm labor second tri w preterm delivery second tri, unsp"
665,Walter Hansen,whansenig@economist.com,"Nondisplaced unsp fracture of right lesser toe(s), sequela"
666,Martin Gonzalez,mgonzalezih@1und1.de,"Fracture of orbital floor, right side, 7thG"
667,Donna Cole,dcoleii@nba.com,"Nondisp intartic fx r calcaneus, subs for fx w delay heal"
668,Terry Foster,tfosterij@nih.gov,Insect bite (nonvenomous) of left eyelid and periocular area
669,Irene Jacobs,ijacobsik@cisco.com,"Fracture of oth skull and facial bones, left side, 7thB"
670,James Wells,jwellsil@imdb.com,"Nondisp transverse fx shaft of unsp ulna, 7thJ"
671,Christina Lopez,clopezim@reverbnation.com,"Nondisp unsp condyle fx low end unsp femr, 7thH"
672,Cynthia Palmer,cpalmerin@mysql.com,"Contusion of unspecified knee, initial encounter"
673,Randy Day,rdayio@slate.com,"Contact with knife, undetermined intent, subs encntr"
674,Lois Myers,lmyersip@msn.com,"Other superficial bite of unspecified foot, init encntr"
675,Brenda Howell,bhowelliq@trellian.com,"Poisoning by anterior pituitary hormones, undetermined, init"
676,Joe Frazier,jfrazierir@bizjournals.com,"Nondisp Rolando's fracture, r hand, subs for fx w routn heal"
677,Denise Mendoza,dmendozais@accuweather.com,Alcohol abuse with alcohol-induced anxiety disorder
678,Joseph Payne,jpayneit@amazonaws.com,Cerebral infarction due to embolism of right cereblr artery
679,George Henry,ghenryiu@senate.gov,"Oth intartic fx low end unsp rad, 7thH"
680,Teresa Cunningham,tcunninghamiv@com.com,Other specified mononeuropathies of unspecified upper limb
681,Barbara Pierce,bpierceiw@nasa.gov,"Pathological fracture in other disease, pelvis, sequela"
682,Carol Webb,cwebbix@constantcontact.com,"Driver of military vehicle injured nontraf, sequela"
683,Kathy Austin,kaustiniy@mysql.com,"Frostbite with tissue necrosis of left arm, init encntr"
684,Nancy Jones,njonesiz@gnu.org,Preterm labor without delivery
685,Katherine Smith,ksmithj0@canalblog.com,"Unspecified open wound, left thigh"
686,Victor Moore,vmoorej1@addtoany.com,"Mtrcy passenger injured in collision w unsp mv in traf, subs"
687,Rose Brooks,rbrooksj2@illinois.edu,"Idiopathic chronic gout, right hip, without tophus (tophi)"
688,Kimberly Jones,kjonesj3@squidoo.com,"Displ oth fx tuberosity of l calcaneus, 7thG"
689,Maria Rose,mrosej4@google.com.br,Unspecified peripheral retinal degeneration
690,Craig Jenkins,cjenkinsj5@indiegogo.com,"Gastric contents in larynx causing other injury, sequela"
691,Amanda Oliver,aoliverj6@arstechnica.com,"Toxic effect of unsp gases, fumes and vapors, accidental"
692,Bobby Rose,brosej7@so-net.ne.jp,"Hypertensive retinopathy, unspecified eye"
693,Amanda Burns,aburnsj8@sohu.com,"Open bite of abd wall, periumb rgn w penet perit cav, subs"
694,Scott Robertson,srobertsonj9@weebly.com,"Pasngr in 3-whl mv injured in clsn w pedl cyc in traf, init"
695,Judith Warren,jwarrenja@google.com.hk,"Complete traumatic amputation at unsp hip joint, init encntr"
696,Victor Lee,vleejb@spiegel.de,"Oth fx first MC bone, unsp hand, subs for fx w routn heal"
697,Ronald Ramos,rramosjc@reverbnation.com,"Interstitial myositis, left upper arm"
698,Chris Scott,cscottjd@weebly.com,"Pathological dislocation of unsp foot, NEC"
699,Jason Payne,jpayneje@patch.com,"Spontaneous rupture of other tendons, unspecified site"
700,Benjamin Watson,bwatsonjf@techcrunch.com,Acute salpingitis
701,Robert Matthews,rmatthewsjg@engadget.com,Hemiplga following nontraumatic intracerebral hemorrhage
702,Teresa Gilbert,tgilbertjh@apache.org,"Oth complications of procedures, NEC, init"
703,Richard Grant,rgrantji@tamu.edu,Chronic post-traumatic headache
704,Stephanie Armstrong,sarmstrongjj@indiegogo.com,"Adhes due to fb acc left in body fol oth procedure, init"
705,Harry Willis,hwillisjk@ox.ac.uk,Osseous and sublux stenos of intvrt foramin of thor region
706,Ryan Thomas,rthomasjl@go.com,Retarded ejaculation
707,Frances Cox,fcoxjm@cloudflare.com,"Laceration of thoracic trachea, sequela"
708,Gloria Hart,ghartjn@gnu.org,And unsp agents primarily acting on the respiratory system
709,Gerald Watson,gwatsonjo@naver.com,Corrosion of first degree of unspecified ear
710,Teresa Daniels,tdanielsjp@dot.gov,Other specified bursopathies
711,Sharon Rose,srosejq@bizjournals.com,"Other disorders of bone development and growth, unsp humerus"
712,Karen Berry,kberryjr@acquirethisname.com,"Displ seg fx shaft of unsp fibula, 7thC"
713,Jason Lawson,jlawsonjs@mlb.com,"Disp fx of med condyle of l humer, subs for fx w delay heal"
714,Jason Powell,jpowelljt@wix.com,"Unsp inj musc/tend at lower leg level, right leg, sequela"
715,Lois Holmes,lholmesju@sogou.com,Acute lymphangitis of right upper limb
716,Tammy Weaver,tweaverjv@godaddy.com,"Displ oblique fx shaft of humer, r arm, 7thD"
717,Julie Fuller,jfullerjw@indiatimes.com,"Inj intrinsic musc/fasc/tend left thumb at wrs/hnd lv, init"
718,Bruce Ross,brossjx@angelfire.com,"Insect bite (nonvenomous) of breast, unsp breast, subs"
719,Matthew Lynch,mlynchjy@mlb.com,Unsp injury of extensor musc/fasc/tend thmb at wrs/hnd lv
720,Ryan Roberts,rrobertsjz@weibo.com,"Drown due to being washed overboard from merch ship, sequela"
721,Bobby Cunningham,bcunninghamk0@marriott.com,"Nondisp transverse fx shaft of humer, r arm, init for opn fx"
722,Robin Duncan,rduncank1@harvard.edu,Oth rheumatoid arthritis with rheumatoid factor of left knee
723,Louise Diaz,ldiazk2@wikipedia.org,"Unspecified open wound of nose, initial encounter"
724,Judy Lawrence,jlawrencek3@photobucket.com,"Disp fx of base of 4th MC bone, r hand, 7thP"
725,Joshua Bell,jbellk4@home.pl,"Breakdown of surgically created AV fistula, sequela"
726,Carl Torres,ctorresk5@psu.edu,"Conjunctival adhesions and strands (localized), left eye"
727,Virginia Bowman,vbowmank6@apache.org,"Drug/chem diab with diab mclr edema, resolved fol trtmt, bi"
728,Melissa Elliott,melliottk7@sciencedaily.com,Other contact with alligator
729,Mary Parker,mparkerk8@biblegateway.com,"Unsp foreign body in pharynx causing oth injury, init encntr"
730,Martha Coleman,mcolemank9@dropbox.com,"Infection of nipple associated w pregnancy, first trimester"
731,Tammy Harris,tharriska@github.io,"Adverse effect of other systemic antibiotics, sequela"
732,Linda Powell,lpowellkb@oakley.com,Displaced oblique fracture of shaft of left ulna
733,Phyllis Stanley,pstanleykc@spiegel.de,Embedded teeth
734,Judy Weaver,jweaverkd@elegantthemes.com,"Fetal anemia and thrombocytopenia, unsp trimester, unsp"
735,David Howell,dhowellke@comsenz.com,Disorders of galactose metabolism
736,Heather Johnston,hjohnstonkf@mashable.com,"Dislocation of jaw, unspecified side"
737,Ruby Montgomery,rmontgomerykg@storify.com,"Torus fx lower end of unsp radius, subs for fx w delay heal"
738,Diane Jones,djoneskh@technorati.com,"Nondisp spiral fx shaft of unsp femr, 7thH"
739,Juan Davis,jdaviski@reverbnation.com,Gluteal tendinitis
740,Anthony Cox,acoxkj@yahoo.co.jp,"Unsp car occupant injured pick-up truck, pk-up/van nontraf"
741,Irene Hughes,ihugheskk@phoca.cz,"Ped on rolr-skt injured in clsn w rail trn/veh, unsp, subs"
742,Amanda Phillips,aphillipskl@latimes.com,"Disp fx of lateral condyle of unsp femr, 7thF"
743,Rose Reid,rreidkm@goo.ne.jp,"Subluxation of MCP joint of left index finger, sequela"
744,Tammy Nguyen,tnguyenkn@shutterfly.com,"Unsp inj musc/tend posterior grp at low leg level, unsp leg"
745,Albert Harrison,aharrisonko@i2i.jp,"Laceration with foreign body of nose, initial encounter"
746,Andrea Harper,aharperkp@craigslist.org,"Unsp injury of posterior tibial artery, right leg, subs"
747,Larry Dean,ldeankq@virginia.edu,"Pigmentary glaucoma, right eye, stage unspecified"
748,Teresa Crawford,tcrawfordkr@unblog.fr,"Burn of first degree of unsp hand, unsp site, init encntr"
749,Kathy Spencer,kspencerks@gnu.org,"Laceration with foreign body of left buttock, subs encntr"
750,Elizabeth Gutierrez,egutierrezkt@gnu.org,"Oth fx upr end r tibia, 7thJ"
751,Craig Hayes,chayesku@mapy.cz,"Ped on rolr-skt injured pick-up truck, pk-up/van, unsp, subs"
752,Samuel Henderson,shendersonkv@sun.com,Family history of tobacco abuse and dependence
753,Scott Hughes,shugheskw@nyu.edu,"Spontaneous rupture of flexor tendons, unspecified shoulder"
754,Sarah Duncan,sduncankx@flavors.me,Explosion on board passenger ship
755,Howard Thompson,hthompsonky@wikispaces.com,"Complete traumatic amputation at right hip joint, sequela"
756,George Bishop,gbishopkz@imdb.com,"Unsp nondisp fx of surg nk of r humer, 7thK"
757,Betty West,bwestl0@goo.gl,"Pnctr w/o foreign body of left cheek and TMJ area, init"
758,Doris Little,dlittlel1@xinhuanet.com,"Pathological fracture, right shoulder, init for fx"
759,Ronald Elliott,relliottl2@dropbox.com,"Poisoning by oxytocic drugs, accidental, sequela"
760,Lisa Vasquez,lvasquezl3@51.la,"Sltr-haris Type I physeal fx phalanx of right toe, 7thD"
761,Tammy Davis,tdavisl4@histats.com,"Displacement of int fix of bone of left lower leg, init"
762,Susan Johnston,sjohnstonl5@moonfruit.com,Primary thrombophilia
763,Lawrence Garrett,lgarrettl6@blogs.com,"Glaucoma secondary to oth eye disord, unsp eye, severe stage"
764,Mark Dixon,mdixonl7@imageshack.us,"Fall from burning bldg in controlled fire, init"
765,Janice Mason,jmasonl8@4shared.com,"Corrosion of third degree of unsp shoulder, init encntr"
766,Laura Gonzalez,lgonzalezl9@cmu.edu,"Oth physl fx low end ulna, left arm, subs for fx w nonunion"
767,Donald Sims,dsimsla@apache.org,"Unsp bus occupant injured in clsn w oth mv in traf, sequela"
768,Kimberly Burke,kburkelb@topsy.com,Other skateboard accident
769,Frank Howard,fhowardlc@ameblo.jp,"Disp fx of body of right talus, subs for fx w malunion"
770,Keith Garza,kgarzald@state.gov,"Placentitis, unspecified trimester, fetus 2"
771,Joyce Rivera,jriverale@themeforest.net,"Torus fx lower end of r radius, subs for fx w malunion"
772,Judith Gibson,jgibsonlf@posterous.com,"Chronic gout due to renal impairment, unsp shoulder, w toph"
773,George Burke,gburkelg@blogspot.com,"Puncture wound with foreign body, unsp thigh, subs encntr"
774,Gary Parker,gparkerlh@miibeian.gov.cn,"Sltr-haris Type I physeal fracture of left metatarsal, 7thB"
775,Jessica Weaver,jweaverli@google.it,"Car passenger injured in collision w pedl cyc nontraf, init"
776,Wanda Moore,wmoorelj@whitehouse.gov,Scrotal varices
777,Roy Lawson,rlawsonlk@intel.com,"Minor laceration of right vertebral artery, subs encntr"
778,Sean Boyd,sboydll@china.com.cn,"Nondisp suprcndl fx w/o intrcndl extn low end unsp femr,7thH"
779,Randy Gomez,rgomezlm@auda.org.au,"Unspecified effects of high altitude, subsequent encounter"
780,Russell Bradley,rbradleyln@netvibes.com,"Streptococcus, group A, causing diseases classd elswhr"
781,William James,wjameslo@qq.com,"Unspecified injury of unspecified Achilles tendon, sequela"
782,Janet Rice,jricelp@weebly.com,"Hydroxyapatite deposition disease, right shoulder"
783,Kathleen Weaver,kweaverlq@blogtalkradio.com,"Malignant neoplasm of greater curvature of stomach, unsp"
784,Gerald Wells,gwellslr@printfriendly.com,"Pedl cyc driver inj in nonclsn trnsp acc nontraf, sequela"
785,Thomas Sims,tsimsls@comsenz.com,Strain extensor musc/fasc/tend and unsp finger at forarm lv
786,Evelyn Tucker,etuckerlt@flavors.me,Peritonsillar abscess
787,Gerald Carter,gcarterlu@mediafire.com,Sprain of other specified parts of knee
788,Shawn Turner,sturnerlv@tmall.com,Subluxation of T3/T4 thoracic vertebra
789,Susan Gardner,sgardnerlw@quantcast.com,"Brown-Sequard synd at unsp level of thor spinal cord, init"
790,Roy Sanders,rsanderslx@list-manage.com,"Chilblains, subsequent encounter"
791,Bonnie Perry,bperryly@java.com,"Toxic effect of seafood, accidental (unintentional), subs"
792,Jerry Coleman,jcolemanlz@simplemachines.org,"Toxic effect of unsp metal, accidental, sequela"
793,Linda Spencer,lspencerm0@dagondesign.com,"Torus fracture of lower end of right humerus, sequela"
794,Robin Thomas,rthomasm1@gmpg.org,Corrosion of second degree of right upper arm
795,Maria Bradley,mbradleym2@netlog.com,"Poisn by oth antieplptc and sed-hypntc drugs, slf-hrm, sqla"
796,Ernest Wood,ewoodm3@nytimes.com,"Displacement of cardiac electrode, initial encounter"
797,Tina Kennedy,tkennedym4@g.co,"Displ commnt fx shaft of r tibia, 7thC"
798,Louise Fox,lfoxm5@miitbeian.gov.cn,"Nondisp fx of acromial process, l shoulder, init for opn fx"
799,Rebecca Miller,rmillerm6@oracle.com,"Disp fx of head of unsp rad, subs for clos fx w routn heal"
800,Craig Fernandez,cfernandezm7@icio.us,"Disorder of ligament, left wrist"
801,William Vasquez,wvasquezm8@vk.com,Encounter for male factor infertility in female patient
802,Gloria Welch,gwelchm9@fotki.com,"Nondisp fx of dist phalanx of l great toe, 7thK"
803,Kelly Hamilton,khamiltonma@jigsy.com,Crushing injury of wrist
804,Dennis Daniels,ddanielsmb@paginegialle.it,"Contus/lac cereb, w LOC of 1-5 hrs 59 min, init"
805,Dorothy Kelley,dkelleymc@tinypic.com,"Toxic effect of tetrachloroethylene, assault, init encntr"
806,Barbara Cook,bcookmd@biglobe.ne.jp,"Disp fx of unsp ulna styloid pro, 7thK"
807,Anna Austin,aaustinme@cpanel.net,"Burn of second degree of right wrist, sequela"
808,Anthony Riley,arileymf@ustream.tv,"Laceration of vein at forearm level, left arm, sequela"
809,Cynthia Sims,csimsmg@tinyurl.com,"Legal intervnt w unsp firearm disch, suspect injured, subs"
810,Timothy Taylor,ttaylormh@trellian.com,Interstitial cystitis (chronic)
811,Joyce Carr,jcarrmi@tinyurl.com,Narcotics and psychodysleptics
812,Carol Vasquez,cvasquezmj@phoca.cz,"Abscess of bursa, elbow"
813,Nicole Russell,nrussellmk@usgs.gov,"Acute suppr otitis media w spon rupt ear drum, bilateral"
814,Joe George,jgeorgeml@boston.com,"Preterm labor second tri w preterm del second tri, fetus 4"
815,Philip Williams,pwilliamsmm@microsoft.com,"Leucocoria, unspecified eye"
816,Doris Little,dlittlemn@blogs.com,"Toxic maculopathy, bilateral"
817,Elizabeth Griffin,egriffinmo@skype.com,"Traumatic compartment syndrome of left upper extremity, subs"
818,Roy Henry,rhenrymp@cpanel.net,"Underdosing of keratolyt/keratplst/hair trmt drug, subs"
819,Jessica Wright,jwrightmq@guardian.co.uk,Multifocal motor neuropathy
820,Linda Frazier,lfraziermr@joomla.org,"Anterior disloc of proximal end of tibia, left knee, subs"
821,Joseph Butler,jbutlerms@columbia.edu,"Posterior subluxation of left hip, initial encounter"
822,Ruth Robertson,rrobertsonmt@hc360.com,Granuloma annulare
823,Gloria Sanchez,gsanchezmu@wikispaces.com,"Strain extn musc/fasc/tend l little fngr at wrs/hnd lv, init"
824,Kathleen Gonzalez,kgonzalezmv@sbwire.com,"War op involving intentl restrict of air/airwy, milt, init"
825,Benjamin Barnes,bbarnesmw@loc.gov,"Nondisp midcervical fx unsp femr, 7thG"
826,Heather Ramirez,hramirezmx@usgs.gov,"Nondisp spiral fx shaft of l femr, 7thM"
827,Rebecca Shaw,rshawmy@berkeley.edu,"Driver of 3-whl mv injured in clsn w oth mv in traf, subs"
828,Juan Lewis,jlewismz@bloomberg.com,Disturbances of smell and taste
829,Jeremy Ross,jrossn0@stanford.edu,"Occup of pk-up/van inj in clsn w 2/3-whl mv nontraf, sequela"
830,Shawn Ward,swardn1@sciencedaily.com,"Disp fx of shaft of first metacarpal bone, right hand, init"
831,Larry Baker,lbakern2@ebay.co.uk,"Accidental malfunction of machine gun, initial encounter"
832,Marilyn Edwards,medwardsn3@nifty.com,"Path fx in oth disease, r femur, subs for fx w delay heal"
833,Gloria Mendoza,gmendozan4@sun.com,"Drown d/t thrown ovrbrd by motion of inflatbl crft, sqla"
834,Sara Hawkins,shawkinsn5@harvard.edu,"Mature T/NK-cell lymphomas, unsp, lymph nodes mult site"
835,Sarah Kelley,skelleyn6@constantcontact.com,"Fatigue fx vertebra, site unsp, subs for fx w delay heal"
836,Lois White,lwhiten7@blinklist.com,Adverse effect of anterior pituitary hormones
837,Lisa Nelson,lnelsonn8@smh.com.au,Postprocedural bulbous urethral stricture
838,Philip Williams,pwilliamsn9@businessweek.com,"Sltr-haris Type III physl fx upper end of unsp tibia, sqla"
839,Virginia Flores,vfloresna@xinhuanet.com,"External constriction of unspecified ear, subs encntr"
840,Joan Owens,jowensnb@geocities.jp,"Non-ABO incompat react d/t tranfs of bld/bld prod,unsp, subs"
841,Stephen Wallace,swallacenc@ow.ly,Cellulitis of groin
842,Katherine Gibson,kgibsonnd@odnoklassniki.ru,"Underdosing of anthelminthics, sequela"
843,Lois Little,llittlene@cargocollective.com,"Severely displaced Zone II fx sacrum, init for opn fx"
844,Brandon Henderson,bhendersonnf@ucoz.com,"Other specified bursopathies, left hip"
845,Catherine Moore,cmooreng@newyorker.com,"Nondisp fx of body of unsp talus, init for clos fx"
846,Ronald Matthews,rmatthewsnh@wikipedia.org,"Unsp injury of left internal jugular vein, init encntr"
847,Antonio Wright,awrightni@blinklist.com,"Abrasion of anus, sequela"
848,Victor Freeman,vfreemannj@loc.gov,"Displ midcervical fx l femur, subs for clos fx w routn heal"
849,Elizabeth Montgomery,emontgomerynk@mozilla.com,"Radiculopathy, thoracolumbar region"
850,Tina Clark,tclarknl@google.ru,Other incomplete lesion at C3 level of cervical spinal cord
851,Eric Stone,estonenm@tinypic.com,"Hereditary nephropathy, NEC w diffuse membranous glomrlneph"
852,Karen Dean,kdeannn@springer.com,"Total (external) ophthalmoplegia, bilateral"
853,Gloria Sims,gsimsno@creativecommons.org,"Puncture wound with foreign body, right hip, sequela"
854,Bonnie Berry,bberrynp@friendfeed.com,"Other bursal cyst, unspecified site"
855,Carolyn Frazier,cfraziernq@lycos.com,"Chronic fatigue, unspecified"
856,Matthew Vasquez,mvasqueznr@mozilla.org,"Forced landing of private fix-wing arcrft inj occupant, init"
857,Lori Harvey,lharveyns@netvibes.com,"Osteopathy after poliomyelitis, right hand"
858,Rachel Hudson,rhudsonnt@dmoz.org,"Displ oblique fx shaft of l fibula, 7thC"
859,Sean Lopez,slopeznu@plala.or.jp,"Pasngr on bus inj in clsn w rail trn/veh in traf, sequela"
860,Ruth Reid,rreidnv@wikia.com,Unsp symp and signs w cogn fnctns fol ntrm subarach hemor
861,George Gonzalez,ggonzaleznw@jiathis.com,Benign neoplasm of other and unsp parts of small intestine
862,Lisa Harvey,lharveynx@issuu.com,Unspecified pre-existing diabetes mellitus in pregnancy
863,Diane Weaver,dweaverny@i2i.jp,"Burn of unspecified degree of left foot, subs encntr"
864,Ralph James,rjamesnz@squarespace.com,Fibrosclerosis of breast
865,Mary Hart,mharto0@prnewswire.com,Heavy chain disease
866,Raymond Scott,rscotto1@vimeo.com,"Poisoning by antipruritics, intentional self-harm, sequela"
867,Nicole James,njameso2@networkadvertising.org,"Prsn brd/alit a car injured in collision w ped/anml, subs"
868,Eugene Kelly,ekellyo3@home.pl,"Unsp inj unsp blood vess at ank/ft level, unsp leg, sequela"
869,Earl Kim,ekimo4@tamu.edu,"Fetal anemia and thrombocytopenia, second trimester, fetus 5"
870,Jason Reyes,jreyeso5@slashdot.org,"Oth superficial bite of left back wall of thorax, init"
871,Sean Gilbert,sgilberto6@dagondesign.com,"Toxic effect of carbon disulfide, assault"
872,Aaron Brooks,abrookso7@ed.gov,"Drown due to being washed ovrbrd from passenger ship, subs"
873,Timothy Reynolds,treynoldso8@bizjournals.com,"Inj intrns musc/fasc/tend r little fngr at wrs/hnd lv, init"
874,Alan Lewis,alewiso9@gravatar.com,"Traumatic arthropathy, unspecified wrist"
875,Joshua Barnes,jbarnesoa@pcworld.com,"Other specified injury of peroneal artery, right leg"
876,Nancy Davis,ndavisob@discovery.com,"Maternal care for oth isoimmun, third trimester, fetus 5"
877,Julia Fisher,jfisheroc@whitehouse.gov,Candidiasis of other urogenital sites
878,David Medina,dmedinaod@drupal.org,"Sltr-haris Type III physl fx low end ulna, r arm, 7thD"
879,Margaret Watkins,mwatkinsoe@loc.gov,Open bite of left ring finger with damage to nail
880,Norma Woods,nwoodsof@moonfruit.com,Injury of superior mesenteric artery
881,Kenneth Sanchez,ksanchezog@xing.com,"Underdosing of beta-adrenoreceptor antagonists, subs encntr"
882,Maria Long,mlongoh@unesco.org,Ac emblsm and thombos unsp deep veins of left dist low extrm
883,Jack Thomas,jthomasoi@nsw.gov.au,"Poisoning by other antidepressants, assault, subs encntr"
884,Walter Pierce,wpierceoj@printfriendly.com,Burn of unspecified degree of lower leg
885,Martha Long,mlongok@hugedomains.com,"Poisoning by antiasthmatics, intentional self-harm, init"
886,Maria Olson,molsonol@mediafire.com,Furuncle of trunk
887,Amy Larson,alarsonom@deviantart.com,"I/I react d/t implanted urinary sphincter, sequela"
888,Victor Mason,vmasonon@techcrunch.com,"Displaced pilon fx unsp tibia, init for opn fx type 3A/B/C"
889,Edward Scott,escottoo@squidoo.com,"Toxic effect of cadmium and its compnd, self-harm, sequela"
890,Craig Henry,chenryop@about.com,"Poisn by antigonadtr/antiestr/antiandrg, NEC, slf-hrm, subs"
891,Betty Ward,bwardoq@mapquest.com,"Toxic effect of venom of bees, intentional self-harm, init"
892,Tina Robinson,trobinsonor@sitemeter.com,Antepartum hemorrhage w disseminated intravasc coagulation
893,Gregory King,gkingos@cargocollective.com,Diabetes due to undrl condition w oth diabetic neuro comp
894,Marie Campbell,mcampbellot@tmall.com,"Chronic gout due to renal impairment, hand"
895,Kathleen Frazier,kfrazierou@dailymail.co.uk,"Pretrm prem ROM, onset labor w/n 24 hours of rupt, unsp tri"
896,Todd Harrison,tharrisonov@stanford.edu,Dissection of iliac artery
897,Larry Ellis,lellisow@over-blog.com,"Nondisp segmental fracture of shaft of left femur, sequela"
898,Ann Hawkins,ahawkinsox@e-recht24.de,"Poisoning by antidiarrheal drugs, self-harm, sequela"
899,Dorothy Johnston,djohnstonoy@hugedomains.com,"Solitary bone cyst, unspecified humerus"
900,Barbara Mills,bmillsoz@google.com.hk,"Non-Hodgkin lymphoma, unsp, nodes of head, face, and neck"
901,Arthur Black,ablackp0@aboutads.info,"Central retinal vein occlusion, right eye"
902,Laura Armstrong,larmstrongp1@illinois.edu,"Corrosion of third degree of left knee, sequela"
903,Timothy Knight,tknightp2@google.com.br,Other peroxisomal disorders
904,Joe Martin,jmartinp3@si.edu,"Other anterior subluxation of right hip, subs encntr"
905,Janet Larson,jlarsonp4@cpanel.net,"Adverse effect of chloramphenicol group, initial encounter"
906,Virginia Porter,vporterp5@marketwatch.com,"Injury of ulnar nerve at forearm level, right arm, init"
907,Jean Cooper,jcooperp6@ustream.tv,"Path fracture in oth disease, pelvis, subs for fx w nonunion"
908,Joyce Greene,jgreenep7@bizjournals.com,"Nicotine dependence, other tobacco product, uncomplicated"
909,Ruth Lynch,rlynchp8@bloglovin.com,Other mucopolysaccharidoses
910,Janice Hamilton,jhamiltonp9@princeton.edu,"Pedl cyc pasngr injured in clsn w rail trn/veh nontraf, subs"
911,Phillip Morrison,pmorrisonpa@artisteer.com,"Toxic effect of venom of other arthropod, undetermined"
912,David Stephens,dstephenspb@apple.com,"Other specified injuries of unspecified hip, subs encntr"
913,Sandra Roberts,srobertspc@unblog.fr,"Unsp pedl cyclst inj pick-up truck, pk-up/van nontraf, init"
914,Kathryn Crawford,kcrawfordpd@plala.or.jp,Other contact with squirrel
915,Fred Graham,fgrahampe@wufoo.com,"Fall from other pedestrian conveyance, subsequent encounter"
916,Julia Flores,jflorespf@cloudflare.com,"Nondisp fx of sternal end unsp clavicle, 7thP"
917,Peter Ford,pfordpg@discuz.net,"Inj intrinsic msl/tnd at ank/ft level, left foot, subs"
918,Carlos Johnson,cjohnsonph@huffingtonpost.com,"Poisoning by other narcotics, accidental (unintentional)"
919,William Bowman,wbowmanpi@huffingtonpost.com,"Displ spiral fx shaft of l tibia, init for opn fx type I/2"
920,Samuel Butler,sbutlerpj@geocities.jp,"Newborn affected by maternal comp of pregnancy, unspecified"
921,Norma Owens,nowenspk@storify.com,"Fx unsp part of l clavicle, subs for fx w routn heal"
922,Lillian Sims,lsimspl@usatoday.com,"Other superficial bite of breast, unsp breast, init encntr"
923,Carolyn Martinez,cmartinezpm@fc2.com,"Milt op involving explosion of depth-charge, milt, sequela"
924,Paula Wilson,pwilsonpn@newsvine.com,"Pressure ulcer of unspecified hip, stage 4"
925,Joshua Reynolds,jreynoldspo@yellowpages.com,"Toxic effect of other specified substances, assault, sequela"
926,Marie Day,mdaypp@yellowpages.com,"Nondisp fx of mid 3rd of navic bone of unsp wrs, 7thG"
927,Gregory Payne,gpaynepq@answers.com,"Nondisp intartic fx l calcaneus, subs for fx w nonunion"
928,Gregory Olson,golsonpr@sun.com,"Nondisp fx of nk of r rad, 7thM"
929,Jeffrey Bell,jbellps@example.com,"Inj cutan sens nerve at hip and high level, right leg, init"
930,Chris Morgan,cmorganpt@mysql.com,"Occup of special construction vehicle injured nontraf, init"
931,Benjamin Rodriguez,brodriguezpu@hc360.com,"Retinopathy of prematurity, stage 3, bilateral"
932,Sharon Murphy,smurphypv@wsj.com,"Poisoning by oth drug aff the autonomic nervous sys, undet"
933,Julie Burns,jburnspw@webnode.com,"Labor and del comp by cord around neck, w/o comprsn, fetus 2"
934,Jane Mason,jmasonpx@friendfeed.com,Puncture wound w/o foreign body of toe w/o damage to nail
935,Beverly Scott,bscottpy@smugmug.com,Other disorders of trigeminal nerve
936,Tina Myers,tmyerspz@ifeng.com,"Poisoning by unsp narcotics, accidental (unintentional)"
937,Judy Stone,jstoneq0@usa.gov,"Contusion of body of pancreas, subsequent encounter"
938,Chris Gilbert,cgilbertq1@wisc.edu,"Injury of unspecified uterine artery, sequela"
939,Kathleen Ross,krossq2@vinaora.com,Selective serotonin and norepinephrine reuptake inhibitors
940,Cynthia Oliver,coliverq3@google.ca,"Sltr-haris Type II physl fx low end r femr, 7thP"
941,Tina Ferguson,tfergusonq4@tinyurl.com,"Burn of unsp degree of back of unspecified hand, init encntr"
942,Henry Evans,hevansq5@theguardian.com,"Nondisp fx of coronoid pro of l ulna, 7thD"
943,Johnny Austin,jaustinq6@loc.gov,Displaced intertrochanteric fracture of left femur
944,Peter Johnson,pjohnsonq7@wikipedia.org,Strain of intrns musc/fasc/tend r mid finger at wrs/hnd lv
945,Todd Medina,tmedinaq8@netlog.com,Pleural plaque
946,Linda Henry,lhenryq9@nyu.edu,"Abrasion of right thumb, sequela"
947,Jimmy Cruz,jcruzqa@de.vu,"Poisoning by appetite depressants, accidental, sequela"
948,Beverly Peterson,bpetersonqb@go.com,"Drown due to being thrown ovrbrd by motion of sailboat, subs"
949,Kimberly Howell,khowellqc@zdnet.com,"Failed moderate sedation during procedure, subs encntr"
950,Virginia Gonzalez,vgonzalezqd@cargocollective.com,"Otitis media, unspecified, left ear"
951,Bobby Cole,bcoleqe@bbc.co.uk,Insect bite (nonvenomous) of left elbow
952,Gary Morrison,gmorrisonqf@google.it,"Toxic effect of chromium and its compounds, undet, init"
953,Brenda Bailey,bbaileyqg@surveymonkey.com,"Milt op involving oth conventional warfare, milt, sequela"
954,Joe Berry,jberryqh@zdnet.com,"Poisoning by angiotens-convert-enzyme inhibitors, acc, subs"
955,Maria Cunningham,mcunninghamqi@meetup.com,"Unsp fx lower end of r humerus, subs for fx w routn heal"
956,Heather Gardner,hgardnerqj@barnesandnoble.com,"Sltr-haris Type I physeal fx unspecified metatarsal, sequela"
957,Jose Lawrence,jlawrenceqk@cdc.gov,"Driver of special construct vehicle injured in traf, sequela"
958,Richard Long,rlongql@yolasite.com,"Polyneuropathy, unspecified"
959,Annie Gilbert,agilbertqm@blinklist.com,"Maternal care for anti-D antibodies, first tri, fetus 2"
960,Sandra Stevens,sstevensqn@goo.gl,Other nonspecific lymphadenitis
961,Wanda Butler,wbutlerqo@hao123.com,Malignant neoplasm of bladder
962,Dennis Willis,dwillisqp@cafepress.com,"Localized swelling, mass and lump, upper limb, bilateral"
963,Jane Freeman,jfreemanqq@prnewswire.com,"Partial traumatic MCP amputation of l idx fngr, sequela"
964,Sharon Price,spriceqr@hp.com,"Lobulated, fused and horseshoe kidney"
965,Anna Banks,abanksqs@last.fm,"Unsp injury of muscle, fascia and tendon of pelvis, sequela"
966,Betty Howell,bhowellqt@studiopress.com,Contusion of ureter
967,Kimberly Taylor,ktaylorqu@woothemes.com,Ulcer of esophagus without bleeding
968,Donna Fox,dfoxqv@example.com,"Nondisp comminuted fracture of shaft of unsp fibula, sequela"
969,Michael Williams,mwilliamsqw@lycos.com,Other disorders of arteries and arterioles
970,Adam Shaw,ashawqx@ftc.gov,Rheumatoid myopathy with rheumatoid arthritis
971,Kathy Webb,kwebbqy@sohu.com,"Nondisp longitud fx l patella, 7thM"
972,Margaret Franklin,mfranklinqz@blogs.com,"Hit by fall object due to acc to oth power wtrcrft, sequela"
973,Karen Daniels,kdanielsr0@npr.org,"Superficial thrombophlebitis in pregnancy, second trimester"
974,Nicholas Morgan,nmorganr1@livejournal.com,"Other larger firearm discharge, undetermined intent"
975,Walter Hill,whillr2@over-blog.com,"Unsp injury of extn musc/fasc/tend at forarm lv, unsp arm"
976,John Hughes,jhughesr3@earthlink.net,"Poisoning by oth synthetic narcotics, self-harm, init"
977,Heather Edwards,hedwardsr4@trellian.com,"Ped on foot injured in clsn w nonmtr vehicle in traf, init"
978,Melissa Hudson,mhudsonr5@nymag.com,Pouchitis
979,Wanda Myers,wmyersr6@nydailynews.com,"Injury of acoustic nerve, right side, sequela"
980,Arthur Collins,acollinsr7@csmonitor.com,Asphyxiation due to being trapped in bed linens
981,Johnny Williams,jwilliamsr8@edublogs.org,"Lac w/o fb of abd wall, right upper q w/o penet perit cav"
982,Jennifer Smith,jsmithr9@bloomberg.com,Transient synovitis
983,Nancy Berry,nberryra@skype.com,"Nondisp fx of low epiphy (separation) of r femr, 7thJ"
984,Kathy Gonzales,kgonzalesrb@tinypic.com,Blood alcohol level of 100-119 mg/100 ml
985,Chris Clark,cclarkrc@lycos.com,"Nondisp suprcndl fx w intrcndl extn lower end l femur, init"
986,Wanda Reynolds,wreynoldsrd@sbwire.com,Cholera
987,Diana Carroll,dcarrollre@dmoz.org,Gonococcal iridocyclitis
988,Michelle Williamson,mwilliamsonrf@netlog.com,"Type III traum spondylolysis of 2nd cervcal vert, 7thD"
989,Gloria White,gwhiterg@craigslist.org,"Other bursal cyst, hand"
990,Ryan Thomas,rthomasrh@php.net,"Unsp foreign body in pharynx causing oth injury, init encntr"
991,Kelly Willis,kwillisri@scribd.com,"Sublux of symphysis (pubis) in pregnancy, unsp trimester"
992,Andrew Russell,arussellrj@dailymotion.com,Isolated protein w focal and segmental glomerular lesions
993,Stephen Reid,sreidrk@ameblo.jp,Adult antisocial behavior
994,Bonnie Hamilton,bhamiltonrl@epa.gov,"Abrasion of left ring finger, sequela"
995,Wayne Howell,whowellrm@webeden.co.uk,Ntrm subarach hemor from right carotid siphon and bifurc
996,Maria Frazier,mfrazierrn@usa.gov,Family history of arthritis
997,Henry Lewis,hlewisro@blog.com,"Pneumococcal arthritis, unspecified knee"
998,Bobby Ortiz,bortizrp@typepad.com,Minor laceration of head of pancreas
999,Bobby Lewis,blewisrq@parallels.com,"Other injury of pleura, sequela"
1000,Jason Porter,jporterrr@technorati.com,"Other subluxation of right patella, initial encounter"
